Time,10,15,20,35,40,50,60,601,61,101,103,105,107,109,111,113,115,117,119,120,121,123,125,127,129,131,139,141,143,145,147,149,151,153,157,159,161,163,164,166,167,169,171,173,177,179,181,183,184,185,187,189,191,193,195,197,199,201,203,204,205,206,207,208,209,211,213,215,217,219,225,229,231,237,239,241,243,247,249,251,253,255,257,259,261,263,265,267,269,271,273,275,River,Lake,1,2,3,Leak_Node,Leak_Label
0,-0.42715994,28.596186,8.839204,40.61765,3.9928799,7.1628,63.706596,92.18889,92.18889,31.576378,31.261263,36.08279,38.061787,38.18024,41.498657,43.9478,40.526726,41.595123,47.416378,47.287193,49.688587,47.084587,45.54795,31.315916,32.836246,46.54607,37.21041,44.216846,43.511513,45.50316,40.451145,41.332325,37.171913,27.234264,43.29029,44.43186,44.347813,43.903328,43.903328,46.036922,46.381504,46.38173,45.746437,45.739735,41.985394,41.981213,41.99122,41.067974,39.170673,39.34975,40.632793,43.316837,36.90702,39.06983,39.853317,37.519924,43.5398,42.675335,42.04615,37.965862,36.51991,42.339195,39.96271,37.69702,43.061653,40.277676,40.257637,40.198776,40.49751,41.10359,39.886017,39.162613,40.837715,38.128117,38.43298,38.433,38.12808,36.910095,36.910095,33.25589,31.462692,34.222126,41.15693,38.586105,45.72606,45.676407,45.039036,38.161068,44.657417,42.62822,40.482307,39.65989,0.0,0.0,3.9928799,7.1628,8.839199,10,1
3600,27.94054,28.880083,9.099705,41.505184,4.1936955,6.7545085,63.751038,92.48726,92.48726,39.780796,38.684307,41.104107,42.866207,43.858475,45.06322,46.913204,44.09853,44.778435,48.45153,49.06121,50.558964,47.93694,46.30916,31.741745,33.26144,46.96518,37.55915,44.536972,43.795406,45.835194,40.814873,41.712116,37.784546,27.842001,44.316307,45.452686,45.369156,44.91793,44.917927,47.051517,47.355633,47.356083,46.652596,46.64447,42.868435,42.86107,42.878914,41.983887,40.130955,40.375668,41.95064,44.52396,38.924595,41.062897,41.825726,39.96333,44.10735,43.207703,42.576576,39.18093,37.06719,42.62127,40.379696,37.826202,42.92551,40.05253,40.007854,39.891056,40.183815,40.786434,39.570473,38.820377,40.4942,37.788944,38.08157,38.08153,37.77648,36.55684,36.55685,32.899258,31.060772,33.836193,43.887783,41.46115,49.060852,49.12822,46.03557,39.7106,45.75739,43.522118,41.03334,40.182,0.0,0.0,4.1936955,6.7545085,9.099695,10,1
7200,28.45302,29.994019,9.449981,42.41711,4.6202927,6.369141,63.7929,92.769615,92.769615,41.42219,40.37632,42.523853,44.291157,45.55137,46.39041,48.144123,45.3659,45.859543,49.364708,50.024906,51.38012,48.74111,47.061058,32.24266,33.763393,47.472157,38.41123,45.62191,44.909348,46.970997,41.96666,42.868008,38.906452,28.96145,45.246426,46.400326,46.3255,45.87209,45.87209,48.005684,48.298714,48.298985,47.580524,47.57236,43.775326,43.762676,43.79087,42.89713,41.067104,41.31611,42.930206,45.49272,40.005955,42.140144,42.900402,41.12187,45.026615,44.122646,43.491943,40.14672,37.976383,43.359447,41.217453,38.451527,43.354996,40.41601,40.3763,40.307304,40.604996,41.210472,39.993187,38.95555,40.630424,37.882195,38.086155,38.085255,37.78031,36.535545,36.53571,32.852505,30.926796,33.689026,44.9403,42.52628,50.150433,50.243767,46.98309,40.715412,46.7174,44.438625,41.94537,41.08752,0.0,0.0,4.6202927,6.369141,9.449971,10,1
10800,28.560766,30.404993,9.867546,42.803604,5.1562924,6.5322943,63.812477,92.902115,92.902115,41.766785,40.72963,42.900333,44.66953,45.922276,46.775013,48.529484,45.75084,46.24471,49.74997,50.410007,51.764614,49.11767,47.451263,32.650852,34.171608,47.880543,38.820812,46.031677,45.320324,47.380127,42.37454,43.27527,39.305183,29.360228,45.631115,46.78398,46.708313,46.254673,46.254673,48.388268,48.68026,48.680523,47.960693,47.95231,44.163963,44.153217,44.17736,43.285637,41.44061,41.697056,43.31377,45.876686,40.39155,42.525707,43.285904,41.50749,45.35401,44.44231,43.810097,40.529366,38.30301,43.658585,41.529488,38.736042,43.614147,40.666626,40.626556,40.5593,40.857166,41.462746,40.24541,39.178604,40.853523,38.1018,38.294834,38.293827,37.988884,36.74071,36.74089,33.05366,31.110603,33.872353,45.324665,42.910458,50.534588,50.62725,47.364998,41.099564,47.100796,44.823402,42.272053,41.406425,0.0,0.0,5.1562924,6.5322943,9.867532,10,1
14400,29.352877,31.958038,10.281204,44.280384,5.660955,6.7354393,63.877083,93.34135,93.34135,44.294434,43.33011,45.165417,46.93591,48.535465,48.843555,50.48593,47.72767,47.975853,51.15355,52.008137,53.035408,50.362267,48.598736,33.34454,34.866627,48.580467,40.003212,47.543846,46.873367,48.984432,44.011997,44.92266,40.940166,30.990812,47.07232,48.269165,48.21904,47.767895,47.767895,49.901497,50.20087,50.20095,49.471596,49.463764,45.6311,45.609737,45.654316,44.76607,42.98792,43.227634,44.901283,47.43344,42.1702,44.303326,45.057854,43.38045,46.99704,46.094078,45.46295,42.096832,39.955616,45.29157,43.186382,40.34193,45.17302,42.20944,42.18423,42.16364,42.466316,43.074684,41.856052,40.5531,42.229046,39.387894,39.461914,39.459522,39.15468,37.863285,37.86366,34.119736,31.87536,34.624237,47.039055,44.64442,52.308056,52.43951,48.88438,42.73439,48.651386,46.309875,43.921898,43.058777,0.0,0.0,5.66095,6.7354393,10.281186,10,1
18000,28.695066,36.06062,10.454212,42.68086,6.060428,7.2502503,65.79869,65.79835,65.798004,42.19605,41.18498,42.850796,44.615562,46.305378,46.597027,48.33575,45.431458,45.598583,48.663025,49.554443,50.363434,46.77248,46.401134,32.691017,34.213314,47.92624,39.519737,47.18969,48.570717,48.215546,42.970943,43.771294,38.830956,28.877436,44.741325,46.162037,46.26613,45.848843,45.848843,47.982437,48.424015,48.424126,47.788654,47.781174,44.05462,44.05459,44.05485,43.176037,41.360626,41.5929,43.137062,45.673378,40.201447,42.334503,43.08937,41.32893,45.397552,44.502026,43.86981,40.378204,38.37516,43.944782,41.707077,39.14532,44.23702,41.361176,41.339626,41.310295,41.61207,42.219917,41.00153,39.987762,41.663513,38.899082,39.107685,39.106754,38.801895,37.555332,37.555492,33.86757,31.909595,34.66089,44.630848,42.242493,49.927853,50.06268,47.05988,40.88193,46.88872,44.687042,42.337585,41.480083,0.0,0.0,6.060428,7.2502503,10.454212,10,1
21600,28.788939,36.19104,10.397161,42.914276,6.264048,7.5586963,65.8188,65.81847,65.81813,42.495914,41.492943,43.130043,44.89466,46.616226,46.851486,48.585888,45.677067,45.828747,48.82459,49.74313,50.503937,47.0433,46.503098,32.68535,34.20782,47.92116,39.592564,47.317448,48.701134,48.35458,43.116234,43.91897,38.99448,29.040064,44.918434,46.360023,46.477993,46.06349,46.06349,48.19709,48.65006,48.650154,48.020657,48.01331,44.287796,44.287678,44.288174,43.40959,41.602474,41.831097,43.37229,45.904243,40.44503,42.57786,43.332066,41.576744,45.660526,44.767803,44.1358,40.61447,38.639954,44.231213,41.982994,39.443684,44.556065,41.68717,41.66758,41.64225,41.94443,42.55252,41.334026,40.32362,41.999462,39.23226,39.44097,39.440033,39.13518,37.888233,37.88839,34.199646,32.23567,34.98586,44.845665,42.461067,50.15848,50.296284,47.28223,41.11622,47.117638,44.919987,42.60232,41.74685,0.0,0.0,6.264048,7.5586963,10.397156,10,1
25200,28.646948,39.750156,10.496257,42.949112,6.4813976,7.8875737,65.824135,65.82379,65.823456,42.042282,41.027435,42.806763,44.576538,46.178867,46.6561,48.434982,45.502426,45.696957,48.890327,49.721397,50.577816,47.115017,46.58321,32.782482,34.30582,48.017754,40.193222,48.28528,50.87536,49.177395,43.8379,44.598457,39.263927,29.302986,44.971336,46.39743,46.50608,46.090397,46.090397,48.223995,48.672966,48.673115,48.04642,48.038853,44.323383,44.32401,44.323166,43.440132,41.60723,41.840942,43.366413,45.914387,40.367077,42.5005,43.256935,41.46159,45.63456,44.7374,44.10452,40.614136,38.61271,44.21455,41.956116,39.438587,44.571045,41.708965,41.68574,41.64694,41.947742,42.555027,41.3369,40.396347,42.07189,39.32347,39.562775,39.562183,39.257298,38.021072,38.02118,34.34613,32.449875,35.203777,44.749325,42.353516,50.018734,50.14388,47.30606,41.094658,47.132492,44.952374,42.575115,41.716835,0.0,0.0,6.4813976,7.8875737,10.496257,10,1
28800,28.761633,39.909554,10.59254,43.118332,6.5950274,8.042504,65.83393,65.833595,65.83327,42.408703,41.403454,43.12837,44.89685,46.550816,46.926353,48.68597,45.762608,45.935097,49.043915,49.912075,50.71374,47.24697,46.71282,32.89091,34.41436,48.127026,40.33253,48.444542,51.03475,49.3397,44.00078,44.76145,39.42664,29.465742,45.130966,46.564274,46.677223,46.26207,46.26207,48.395668,48.84641,48.84653,48.218376,48.210854,44.49233,44.4925,44.492325,43.61089,41.7869,42.019844,43.55282,46.093872,40.586243,42.71943,43.47485,41.697132,45.81701,44.91895,44.285416,40.797894,38.797215,44.411995,42.14695,39.64352,44.78899,41.931248,41.910576,41.878838,42.180363,42.78807,41.569748,40.61491,42.290607,39.537212,39.77031,39.76964,39.464775,38.226093,38.226208,34.547844,32.635155,35.387108,44.9722,42.581223,50.260254,50.39093,47.479107,41.288357,47.310143,45.122326,42.759502,41.89925,0.0,0.0,6.595023,8.042504,10.59254,10,1
32400,28.640526,39.7839,10.705267,43.132225,6.7465677,8.253752,65.80842,65.808075,65.80773,42.021744,41.007668,42.801743,44.573555,46.16942,46.690426,48.494728,45.529694,45.71371,48.90334,49.733284,50.5627,46.90338,46.60568,32.923462,34.446663,48.158375,40.271034,48.319057,50.9091,49.20258,43.859627,44.619034,39.281116,29.320074,45.01486,46.483635,46.621613,46.21242,46.21242,48.34602,48.822285,48.822445,48.21429,48.206722,44.508484,44.511765,44.50624,43.622406,41.77538,42.00918,43.51378,46.065575,40.471474,42.60492,43.36159,41.545395,45.800632,44.902683,44.269154,40.768845,38.78032,44.410213,42.13497,39.6533,44.81882,41.967865,41.945206,41.904366,42.204952,42.812115,41.594048,40.690582,42.36608,39.621693,39.87469,39.874237,39.56935,38.337368,38.337456,34.66738,32.792217,35.546684,44.761814,42.365864,50.03228,50.15566,47.446198,41.225727,47.28362,45.131138,42.74266,41.883343,0.0,0.0,6.7465677,8.253752,10.705267,10,1
36000,28.645935,39.730576,10.61437,43.137356,6.7538643,8.343565,65.80408,65.803734,65.80339,42.03903,41.025864,42.80104,44.57255,46.184605,46.683342,48.489403,45.517338,45.69146,48.853703,49.69491,50.499985,46.844955,46.54005,32.843616,34.366856,48.078712,40.206924,48.26571,50.85577,49.15121,43.808975,44.56861,39.231354,29.270103,44.97664,46.461067,46.60963,46.202652,46.202652,48.336246,48.821712,48.82186,48.21933,48.21192,44.514225,44.518105,44.511444,43.628635,41.79032,42.01913,43.516876,46.066948,40.47012,42.603516,43.359962,41.542694,45.846416,44.954037,44.321606,40.774357,38.82664,44.469696,42.18918,39.718765,44.894657,42.047184,42.02527,41.985794,42.286522,42.89377,41.67566,40.776615,42.452145,39.70777,39.962387,39.961952,39.657066,38.425476,38.42556,34.755863,32.8821,35.636185,44.733772,42.33931,50.010365,50.135094,47.442585,41.22515,47.284554,45.136272,42.788948,41.934875,0.0,0.0,6.7538643,8.343565,10.61437,10,1
39600,28.54174,35.96484,10.5419235,43.08185,6.746428,8.432234,65.79533,65.79498,65.79464,41.705956,40.684925,42.51239,44.286083,45.852512,46.4592,48.29579,45.297054,45.48286,48.7043,49.520103,50.377605,46.72713,46.421143,32.74598,34.267956,47.979,39.48823,47.104183,48.474934,48.123566,42.88041,43.682148,38.777645,28.823206,44.84165,46.347202,46.510807,46.107483,46.107483,48.24108,48.74226,48.74245,48.152565,48.145096,44.460987,44.467762,44.455803,43.573315,41.71632,41.94646,43.42656,45.984375,40.328453,42.46199,43.219345,41.375744,45.76393,44.870422,44.23754,40.69025,38.744286,44.40591,42.11303,39.668995,44.86922,42.029957,42.00693,41.959686,42.25962,42.866398,41.648506,40.798378,42.473736,39.731915,40.00244,40.002167,39.69727,38.47069,38.47075,34.806923,32.95476,35.710995,44.534233,42.13591,49.797016,49.916218,47.357708,41.11927,47.203,45.077457,42.706577,41.851845,0.0,0.0,6.746428,8.432234,10.541928,10,1
43200,28.543869,35.891865,10.431279,43.02108,6.6635866,8.4120865,65.78885,65.788506,65.788155,41.712753,40.692112,42.49248,44.265213,45.852554,46.42167,48.253693,45.255207,45.431965,48.623905,49.45284,50.28827,46.639893,46.329746,32.64414,34.166172,47.87744,39.40305,47.030067,48.401962,48.051178,42.808605,43.6105,38.704838,28.750248,44.766552,46.279137,46.44738,46.044945,46.044945,48.178543,48.683296,48.683468,48.09542,48.08817,44.3994,44.40516,44.39508,43.512093,41.670906,41.894627,43.37191,45.926815,40.279457,42.412945,43.169994,41.33047,45.759018,44.873047,44.241917,40.636593,38.739258,44.404945,42.112995,39.666965,44.865337,42.025448,42.0029,41.95784,42.257996,42.864902,41.64695,40.787796,42.463203,39.721016,39.988846,39.988544,39.68365,38.456207,38.456272,34.791435,32.936073,35.691704,44.478252,42.081635,49.74749,49.86877,47.2976,41.064564,47.145145,45.017735,42.70159,41.8542,0.0,0.0,6.6635866,8.4120865,10.431279,10,1
46800,28.586798,35.8665,10.3325405,42.99019,6.604572,8.414765,65.78372,65.78337,65.78303,41.850006,40.833015,42.57816,44.348877,45.981384,46.461655,48.279224,45.287125,45.447155,48.56935,49.428543,50.21797,46.570866,46.25707,32.55784,34.07998,47.791836,39.351826,47.001656,48.376595,48.026108,42.78413,43.586037,38.673573,28.718765,44.71879,46.24,46.413692,46.012142,46.012142,48.14574,48.653893,48.65404,48.06657,48.05943,44.366188,44.369392,44.36398,43.47834,41.649807,41.87047,43.35158,45.90125,40.28162,42.414963,43.171257,41.344658,45.755894,44.872158,44.24125,40.614914,38.737347,44.413254,42.116966,39.680195,44.887115,42.05007,42.029285,41.989807,42.29054,42.897778,41.679672,40.80834,42.483868,39.741085,40.00542,40.005077,39.7002,38.47146,38.471527,34.80504,32.943794,35.69788,44.480843,42.088276,49.76564,49.8916,47.267197,41.048878,47.118504,44.987274,42.69955,41.853657,0.0,0.0,6.604572,8.414765,10.3325405,10,1
50400,28.669565,35.88916,10.25308,43.02947,6.6077485,8.458511,65.78024,65.77989,65.77954,42.11456,41.104465,42.773926,44.54192,46.238605,46.590153,48.390156,45.403473,45.542316,48.548706,49.454067,50.169952,46.52397,46.207504,32.494,34.0163,47.728966,39.337677,47.019753,48.399258,48.04904,42.807755,43.6096,38.686302,28.731123,44.713287,46.25434,46.44094,46.041782,46.041782,48.17538,48.69307,48.693188,48.109486,48.10261,44.403812,44.40508,44.403103,43.51678,41.71051,41.92377,43.406075,45.947075,40.36414,42.49716,43.25229,41.442173,45.862152,44.985966,44.35657,40.66899,38.84465,44.52884,42.231827,39.796597,45.004932,42.168335,42.14973,42.11799,42.419518,43.027218,41.8089,40.911182,42.586884,39.840504,40.09561,40.095165,39.7903,38.558342,38.558426,34.88791,33.00972,35.761673,44.55184,42.165962,49.863678,49.996056,47.303387,41.107235,47.161774,45.027462,42.806725,41.967484,0.0,0.0,6.6077485,8.458511,10.25308,10,1
54000,1.5377991,35.419853,10.206098,42.41461,6.678758,8.580643,65.74318,65.74281,65.742455,33.543232,33.232216,37.884136,39.86118,40.150455,43.347027,45.784225,42.299347,42.98763,47.822227,48.013245,49.658344,46.02487,45.750957,32.2733,33.795414,47.508873,38.97271,46.545506,47.929947,47.550213,42.288826,43.082,38.06852,28.11901,43.979088,45.508106,45.685776,45.293446,45.293446,47.427044,47.983063,47.98315,47.462505,47.456154,43.802036,43.81761,43.788143,42.9032,40.99685,41.17913,42.44872,45.107082,38.735226,40.88522,41.658558,39.354263,45.33958,44.47851,43.849327,39.78653,38.325924,44.137405,41.767826,39.48741,44.838467,42.049843,42.038475,42.01423,42.316532,42.924686,41.706154,40.908516,42.584385,39.8424,40.13275,40.132637,39.827793,38.605667,38.605686,34.945816,33.107716,35.857605,42.29121,39.7773,47.1242,47.095257,46.573944,39.966957,46.371223,44.40295,42.287148,41.463783,0.0,0.0,6.678758,8.580643,10.206102,10,1
57600,1.470231,38.744312,9.973698,42.289555,6.3287,8.543218,65.73556,65.7352,65.73483,33.4756,33.164024,37.81434,39.79021,40.08146,43.265553,45.69987,42.22555,42.917713,47.749653,47.93923,49.554,45.922306,45.63237,32.09397,33.61706,47.330734,39.322628,47.27913,49.86951,48.13962,42.782303,43.53612,38.160366,28.205578,43.89734,45.41321,45.581665,45.187344,45.187344,47.320934,47.868523,47.86861,47.34209,47.33581,43.673183,43.68468,43.66308,42.77068,40.883442,41.063892,42.341938,44.994457,38.641373,40.790497,41.563637,39.263844,45.236946,44.377686,43.74829,39.676765,38.224045,44.048157,41.669685,39.408237,44.77678,41.994022,41.983868,41.961742,42.26426,42.87254,41.653954,40.863956,42.539867,39.79815,40.09124,40.091152,39.786304,38.564835,38.564854,34.905594,33.06934,35.81864,42.21958,39.70598,47.054184,47.025192,46.462246,39.86677,46.25703,44.279217,42.185028,41.36471,0.0,0.0,6.3287,8.543218,9.973698,10,1
61200,1.3696047,38.59373,9.780486,42.12814,6.050582,8.495249,65.724174,65.7238,65.72344,33.374893,33.062767,37.70813,39.68307,39.979027,43.150482,45.580677,42.113815,42.798775,47.596394,47.79789,49.396133,45.768944,45.47003,31.913511,33.436653,47.1506,39.160145,47.128494,49.71893,47.990913,42.633987,43.387886,38.011078,28.056438,43.74408,45.25944,45.427273,45.032673,45.032673,47.16627,47.712414,47.712486,47.183945,47.177773,43.50994,43.519386,43.501675,42.606293,40.73694,40.915073,42.199657,44.845604,38.51215,40.660137,41.432762,39.138634,45.103615,44.246765,43.61714,39.532185,38.092117,43.934418,41.54483,39.3071,44.6975,41.922085,41.913414,41.893814,42.196594,42.805023,41.58637,40.806023,42.48199,39.740814,40.037334,40.03728,39.73244,38.511776,38.511787,34.853287,33.01893,35.767536,42.091904,39.5802,46.935375,46.90701,46.306763,39.729397,46.10454,44.118748,42.052593,41.23652,0.0,0.0,6.050582,8.495249,9.780491,10,1
64800,1.3843062,38.48809,9.597744,42.029564,5.816969,8.430285,65.71478,65.714424,65.71405,33.389606,33.07643,37.712475,39.6862,39.98962,43.142082,45.562244,42.106735,42.770123,47.484688,47.714672,49.268406,45.642567,45.33551,31.750847,33.274097,46.988525,39.031757,47.022774,49.61329,47.888878,42.532757,43.286816,37.90809,27.953579,43.637997,45.16018,45.332123,44.938057,44.938057,47.07165,47.619335,47.619396,47.08936,47.083324,43.40914,43.41608,43.403088,42.50514,40.661747,40.837414,42.134373,44.76874,38.473274,40.61918,41.39065,39.108562,45.04263,44.189003,43.559814,39.46254,38.032467,43.881477,41.489613,39.256733,44.65161,41.87769,41.87036,41.855377,42.158634,42.767338,41.548553,40.757935,42.434002,39.691216,39.98493,39.98484,39.680008,38.45841,38.458427,34.79879,32.962368,35.7097,42.042084,39.535038,46.90716,46.880455,46.21354,39.67255,46.020123,44.02132,41.992355,41.17962,0.0,0.0,5.816969,8.430285,9.597744,10,1
68400,1.2408637,38.338722,9.432605,41.882717,5.6462164,8.421416,65.70431,65.703926,65.70357,33.24604,32.9328,37.56845,39.54216,39.845894,42.998154,45.41822,41.96263,42.625465,47.338787,47.569195,49.12223,45.501415,45.186825,31.592306,33.115562,46.82999,38.878536,46.8734,49.463924,47.740364,42.384697,43.138935,37.761433,27.806864,43.492466,45.015163,45.18746,44.79347,44.793465,46.927067,47.475048,47.4751,46.945354,46.939465,43.26186,43.26826,43.256317,42.357754,40.525314,40.696598,41.990807,44.623806,38.329185,40.475,41.246464,38.96452,44.932465,44.083202,43.45443,39.319942,37.9236,43.79525,41.392803,39.182507,44.5982,41.83128,41.824753,41.809772,42.11303,42.721733,41.50295,40.728893,42.404964,39.66358,39.96268,39.962643,39.65781,38.437653,38.437668,34.77956,32.946655,35.693985,41.897118,39.390144,46.762512,46.73584,46.069145,39.528084,45.87537,43.875313,41.88288,41.07654,0.0,0.0,5.6462164,8.421416,9.43261,10,1
72000,0.73028564,38.055035,9.27361,41.6006,5.4886627,8.3578615,65.68715,65.686775,65.6864,32.735,32.423504,37.080284,39.05722,39.341568,42.539238,44.97644,41.49545,42.19839,47.07356,47.248383,48.886993,45.27046,44.960644,31.404785,32.92785,46.641186,38.632645,46.5899,49.180237,47.45135,42.095222,42.849575,37.478947,27.523827,43.21874,44.731735,44.898544,44.504055,44.504055,46.63765,47.184937,47.18503,46.660362,46.654533,42.980686,42.988453,42.97415,42.074535,40.215607,40.380875,41.64215,44.29527,37.92716,40.077133,40.850914,38.54622,44.661846,43.817642,43.18993,38.982883,37.651752,43.54543,41.133232,38.943726,44.378586,41.618126,41.609528,41.58419,41.886383,42.494465,41.275967,40.530853,42.2067,39.478127,39.782974,39.78299,39.478134,38.2595,38.2595,34.603416,32.79056,35.54075,41.511436,38.99545,46.334778,46.305107,45.778553,39.158417,45.564873,43.59225,41.611767,40.81253,0.0,0.0,5.4886627,8.3578615,9.273615,10,1
75600,0.3200502,37.789436,9.089319,41.282887,5.268602,8.096068,65.67011,65.66972,65.66935,32.324383,32.01316,36.687862,38.666615,38.932014,42.16002,44.59955,41.11022,41.84022,46.81066,46.95341,48.650295,45.040966,44.73027,31.201067,32.72401,46.43668,38.39155,46.324425,48.91464,47.18208,41.82531,42.579575,37.21141,27.256166,42.942066,44.43703,44.592117,44.195496,44.195496,46.329094,46.86823,46.868355,46.341187,46.335213,42.66377,42.672565,42.656437,41.758133,39.874985,40.04232,41.294064,43.95637,37.56293,39.71527,40.490234,38.177845,44.309288,43.461864,42.833504,38.638153,37.298096,43.190315,40.7773,38.589542,44.026016,41.26611,41.255676,41.223934,41.525463,42.133167,40.914845,40.177586,41.85328,39.13083,39.436882,39.436928,39.13206,37.91456,37.914555,34.260628,32.466076,35.218037,41.178,38.656685,45.976334,45.94502,45.464157,38.800926,45.236446,43.274094,41.2586,40.45677,0.0,0.0,5.268602,8.096068,9.089319,10,1
79200,0.39654785,34.89736,9.257002,41.52298,5.2792525,7.8923974,63.69163,92.08873,92.08873,32.400955,32.089363,36.852676,38.83283,39.009098,42.326626,44.78162,41.305626,42.208652,47.655933,47.64546,49.72727,46.7979,45.658276,31.640514,33.162502,46.873158,38.40498,46.038616,47.40746,47.062576,41.823906,42.627663,37.746517,27.798185,43.65996,44.98103,45.018948,44.5991,44.5991,46.732697,47.177883,47.17808,46.600464,46.593742,42.898304,42.90102,42.89663,41.985947,40.04678,40.22955,41.489223,44.175964,37.74485,39.905144,40.68514,38.355724,44.39139,43.52469,42.894848,38.83052,37.372814,43.186325,40.812412,38.541252,43.900833,41.11515,41.09713,41.046143,41.345684,41.95224,40.73445,39.998077,41.67335,38.954956,39.25915,39.25915,38.954243,37.735367,37.735367,34.079098,32.265934,35.0232,41.67154,39.122513,46.341736,46.299995,45.803337,39.004215,45.49448,43.519524,41.33512,40.50938,0.0,0.0,5.2792525,7.8923974,9.256997,10,1
82800,-0.57085353,34.54788,9.45259,41.043797,5.121541,7.5620403,63.685223,92.04592,92.04592,31.432507,31.121616,35.96685,37.948265,38.049164,41.579525,44.07988,40.54222,41.52803,47.417427,47.257236,49.605576,46.675285,45.589462,31.744698,33.26591,46.972626,38.246353,45.70559,47.057972,46.704338,41.45634,42.257442,37.38923,27.442635,43.362827,44.607567,44.59612,44.16728,44.167274,46.300873,46.71076,46.7111,46.11922,46.11202,42.419655,42.423496,42.417435,41.490406,39.453075,39.637623,40.855755,43.623974,37.055134,39.236828,40.02204,37.645733,43.79454,42.919468,42.28942,38.211674,36.767914,42.55407,40.194042,37.89325,43.225513,40.430725,40.401344,40.31285,40.608524,41.21284,39.996094,39.300056,40.974503,38.28704,38.593616,38.593693,38.288708,37.073067,37.07306,33.423695,31.674572,34.44218,41.102806,38.528416,45.65715,45.604458,45.34693,38.429226,44.98469,43.039604,40.7311,39.90216,0.0,0.0,5.121541,7.5620403,9.45259,10,1
86400,0.21351252,29.278086,9.557118,41.296356,4.8241363,6.998973,63.74069,92.41766,92.41766,32.217743,31.904043,36.734203,38.713593,38.823345,42.156425,44.60836,41.183098,42.25328,48.08327,47.950985,50.356167,47.738346,46.224094,32.01952,33.539833,47.249653,37.90145,44.898743,44.193413,46.182636,41.12896,42.00946,37.842915,27.905401,43.956753,45.097736,45.013283,44.56873,44.56873,46.702324,47.04665,47.046875,46.411037,46.40388,42.66728,42.66572,42.669933,41.751564,39.811718,40.00513,41.294304,43.985363,37.56751,39.73121,40.514786,38.1798,44.097233,43.219967,42.590775,38.625214,37.070713,42.774445,40.464584,38.056767,43.290375,40.46237,40.43769,40.37883,40.677563,41.283646,40.06608,39.27434,40.949444,38.216354,38.504364,38.504265,38.199337,36.977737,36.97777,33.319115,31.47511,34.234547,41.817093,39.245735,46.383984,46.333916,45.704258,38.82503,45.325195,43.30312,41.033844,40.20133,0.0,0.0,4.8241363,6.998973,9.557114,10,1
90000,28.095507,29.525019,9.808592,42.113804,4.936957,6.8278155,63.782734,92.70094,92.70094,40.27755,39.192505,41.67306,43.437534,44.396004,45.64613,47.503063,44.68744,45.383717,49.066658,49.67606,51.18063,48.545746,46.945362,32.425297,33.944954,47.648693,38.22026,45.181908,44.44035,46.475834,41.45247,42.348446,38.40922,28.466951,44.9286,46.061066,45.974865,45.523205,45.523205,47.656796,47.959167,47.959618,47.25493,47.246574,43.47893,43.473145,43.487534,42.593754,40.722027,40.974976,42.552933,45.12783,39.52326,41.661777,42.424755,40.55752,44.656246,43.751404,43.120277,39.78217,37.60649,43.07389,40.878494,38.226486,43.23498,40.33147,40.283398,40.166603,40.45936,41.06198,39.846016,39.04087,40.7147,37.994774,38.271194,38.271023,37.965984,36.74316,36.743206,33.08407,31.226059,34.00148,44.498215,42.069897,49.665268,49.73019,46.639645,40.312683,46.36126,44.129017,41.57539,40.720333,0.0,0.0,4.936957,6.8278155,9.808582,10,1
93600,28.601768,30.625784,10.14645,43.014343,5.3288727,6.552828,63.823727,92.978355,92.978355,41.89787,40.86345,43.06989,44.84025,46.068752,46.95853,48.720047,45.939243,46.447105,49.96545,50.61897,51.985645,49.334133,47.681335,32.911964,34.43266,48.14142,39.05877,46.25367,45.541115,47.59789,42.590214,43.490196,39.5163,29.571552,45.845352,46.99673,46.920197,46.46654,46.466534,48.600132,48.89218,48.892452,48.173405,48.165104,44.374058,44.36277,44.388107,43.49533,41.65337,41.90774,43.522137,46.086075,40.59246,42.726727,43.487156,41.703117,45.58625,44.67914,44.04844,40.73855,38.52882,43.848957,41.741016,38.90243,43.738926,40.777424,40.735447,40.666454,40.964138,41.56962,40.35233,39.25423,40.929108,38.174534,38.355797,38.35467,38.04973,36.798107,36.798306,33.10719,31.147675,33.909904,45.52732,43.112038,50.734272,50.824497,47.576836,41.306274,47.310852,45.034676,42.50002,41.63974,0.0,0.0,5.328868,6.552828,10.146436,10,1
97200,28.31176,29.762053,10.533664,42.35732,5.828121,6.7785907,65.81349,65.813156,65.81281,40.970142,39.92283,41.933113,43.704475,45.08859,45.89607,47.71309,44.80299,45.142666,48.578938,49.28513,50.430252,46.971767,46.46785,32.759434,34.279392,47.98834,38.494034,45.388733,44.67738,46.649563,41.583786,42.459797,38.2663,28.32273,44.595436,45.936058,45.988556,45.562252,45.562252,47.69585,48.101986,48.10224,47.455692,47.447598,43.730946,43.730965,43.73108,42.84385,40.96937,41.217957,42.752747,45.319485,39.69964,41.83349,42.5931,40.762093,44.918766,44.0136,43.381382,39.997185,37.88127,43.355907,41.162186,38.50662,43.51183,40.60706,40.571457,40.504204,40.80207,41.40765,40.19031,39.237556,40.91247,38.16979,38.40411,38.403515,38.098576,36.86268,36.862793,33.18955,31.30359,34.065342,44.22352,41.813545,49.444546,49.54723,46.74874,40.478863,46.540718,44.360653,41.846535,40.985336,0.0,0.0,5.828121,6.7785907,10.533664,10,1
100800,28.845621,30.37129,10.455012,42.810707,5.9829392,6.842759,65.81922,65.81888,65.818535,42.676914,41.677868,43.261616,45.023376,46.787098,46.915928,48.620064,45.739,45.88422,48.809776,49.76081,50.509644,47.04884,46.51642,32.72504,34.246166,47.960007,38.825592,45.95709,45.286613,47.258923,42.19545,43.069202,38.765156,28.818419,44.890045,46.311787,46.415646,45.997726,45.997726,48.131325,48.56958,48.56966,47.928158,47.9208,44.18308,44.182022,44.184635,43.309044,41.511463,41.741093,43.302895,45.827534,40.42751,42.560062,43.313313,41.584316,45.566242,44.67382,44.042698,40.53782,38.542633,44.071796,41.860218,39.242733,44.28305,41.38988,41.370018,41.349426,41.652103,42.260475,41.041847,39.942764,41.61871,38.82746,38.99501,38.99362,38.68878,37.427998,37.42822,33.722126,31.669527,34.41841,44.88998,42.509476,50.218117,50.36107,47.206844,41.06271,47.038673,44.819565,42.505154,41.649837,0.0,0.0,5.9829392,6.842759,10.455012,10,1
104400,28.718903,36.140133,10.524586,42.819878,6.270341,7.3217297,65.80414,65.8038,65.80346,42.272194,41.263424,42.936073,44.701733,46.390144,46.69331,48.43929,45.52529,45.688847,48.74745,49.64029,50.438683,46.845818,46.47628,32.763977,34.286278,47.9992,39.59649,47.2692,48.650227,48.295662,43.051483,43.852013,38.913284,28.95958,44.83554,46.269863,46.383263,45.96802,45.96802,48.101612,48.55175,48.55186,47.922066,47.914566,44.193867,44.193935,44.19387,43.31359,41.49328,41.72633,43.264706,45.80198,40.31758,42.450634,43.205524,41.43935,45.52576,44.6297,43.997486,40.507885,38.502895,44.064247,41.831055,39.259678,44.342495,41.463676,41.44186,41.41253,41.714302,42.32215,41.103764,40.081726,41.757477,38.991573,39.19672,39.195755,38.890892,37.643246,37.64341,33.954178,31.990004,34.74129,44.71857,42.3304,50.016975,50.15133,47.18475,41.005035,47.017155,44.824486,42.46534,41.607384,0.0,0.0,6.270341,7.3217297,10.524586,10,1
108000,28.812593,36.275696,10.473662,43.037903,6.4373116,7.6413517,65.824844,65.82451,65.82417,42.571465,41.57062,43.21564,44.981037,46.699802,46.945908,48.685474,45.770195,45.920227,48.913864,49.832508,50.587677,47.12459,46.58557,32.76381,34.286293,47.99963,39.674614,47.402107,48.78579,48.43986,43.201958,44.004868,39.08201,29.127462,45.013844,46.46397,46.587772,46.174564,46.174557,48.308155,48.766518,48.76662,48.140728,48.133366,44.411667,44.41166,44.4118,43.532383,41.722176,41.951275,43.48856,46.0212,40.55342,42.686256,43.440487,41.681103,45.777462,44.884415,44.252415,40.732117,38.756638,44.343033,42.09748,39.55247,44.65961,41.788944,41.769207,41.743874,42.046062,42.65415,41.435646,40.420322,42.09616,39.32803,39.534653,39.533688,39.228836,37.981224,37.981384,34.29184,32.324017,35.074203,44.93563,42.551052,50.24902,50.38633,47.396877,41.22945,47.234478,45.04261,42.719017,41.863262,0.0,0.0,6.4373116,7.6413517,10.473662,10,1
111600,28.67103,39.838413,10.575503,43.072258,6.631244,7.977015,65.83027,65.82993,65.8296,42.119244,41.106594,42.89354,44.664124,46.26402,46.75192,48.53567,45.596806,45.78904,48.98071,49.812023,50.662945,47.197662,46.66734,32.863426,34.38678,48.098705,40.278458,48.373535,50.96361,49.266243,43.927,44.68763,39.35326,29.392204,45.06764,46.501938,46.616203,46.201756,46.20175,48.33535,48.789482,48.78964,48.16637,48.158787,44.446796,44.44783,44.446312,43.56288,41.72673,41.96089,43.482803,46.03145,40.4761,42.60952,43.36598,41.566814,45.751465,44.853992,44.221107,40.731777,38.72937,44.32665,42.070705,39.54787,44.675438,41.811707,41.788322,41.749527,42.050323,42.657604,41.439476,40.494503,42.170048,39.42114,39.658764,39.658154,39.353275,38.11654,38.11665,34.441006,32.54221,35.296116,44.840233,42.44441,50.109993,50.234707,47.42085,41.208195,47.249493,45.074615,42.69178,41.833233,0.0,0.0,6.631244,7.977015,10.575499,10,1
115200,28.783787,39.99479,10.674227,43.224773,6.722471,8.138438,65.83992,65.839584,65.83926,42.47947,41.47616,43.2088,44.977974,46.628826,47.013992,48.777092,45.84955,46.021095,49.130062,49.997746,50.796783,47.32759,46.79565,32.973022,34.496475,48.209145,40.416477,48.529778,51.119987,49.425194,44.086376,44.847088,39.51236,29.5514,45.220764,46.659145,46.775555,46.36117,46.36117,48.49477,48.948727,48.948845,48.322865,48.315342,44.59882,44.59913,44.59876,43.716866,41.891235,42.124294,43.654877,46.196423,40.68324,42.816433,43.571884,41.79143,45.920677,45.022526,44.388992,40.900795,38.900814,44.514393,42.25001,39.74517,44.88934,42.031162,42.01045,41.97871,42.280235,42.887943,41.66962,40.713593,42.38929,39.63573,39.86835,39.867676,39.56281,38.323982,38.3241,34.645565,32.732094,35.48405,45.05755,42.666477,50.34556,50.4758,47.580334,41.388523,47.412666,45.228214,42.863106,42.002785,0.0,0.0,6.722471,8.138438,10.674227,10,1
118800,28.663532,39.87075,10.78749,43.244087,6.8606954,8.351448,65.81452,65.814186,65.81384,42.09528,41.083252,42.88497,44.657513,46.250553,46.78141,48.589603,45.61973,45.802315,48.99141,49.821167,50.646942,46.985672,46.689713,33.006477,34.529682,48.241394,40.3563,48.405907,50.995953,49.28975,43.94695,44.706406,39.368668,29.407553,45.10728,46.58209,46.724194,46.315914,46.315914,48.449512,48.929585,48.92974,48.324112,48.316532,44.620842,44.6247,44.618103,43.73457,41.885143,42.119156,43.62098,46.173286,40.57294,42.706387,43.463085,41.643852,45.909122,45.01103,44.3775,40.877026,38.888714,44.5167,42.242508,39.758595,44.92206,42.0704,42.04767,42.00683,42.307423,42.91458,41.69651,40.791203,42.466705,39.72217,39.974506,39.97405,39.669163,38.43699,38.43707,34.766773,32.890713,35.645176,44.849594,42.45358,50.12016,50.243107,47.55222,41.33072,47.391285,45.24242,42.85106,41.991623,0.0,0.0,6.8606954,8.351448,10.78749,10,1
122400,28.667202,39.814476,10.697803,43.233276,6.851631,8.444131,65.81006,65.809715,65.80938,42.107002,41.095657,42.878498,44.650616,46.259315,46.766823,48.575386,45.600536,45.774357,48.93793,49.778294,50.58245,46.925495,46.622616,32.926674,34.449913,48.16177,40.290478,48.34961,50.939674,49.235188,43.892986,44.65263,39.315407,29.354126,45.063,46.550396,46.700985,46.294456,46.294456,48.428055,48.91541,48.915565,48.314323,48.306923,44.610382,44.61454,44.607365,43.7247,41.885525,42.114258,43.610394,46.160786,40.560223,42.693615,43.450092,41.630894,45.942047,45.049732,44.4173,40.86844,38.922318,44.566246,42.285248,39.815857,44.99269,42.145542,42.12366,42.084183,42.384914,42.992153,41.774048,40.87585,42.55138,39.807068,40.061985,40.06155,39.75667,38.525166,38.525253,34.85566,32.982304,35.73639,44.816418,42.421814,50.09269,50.217014,47.535652,41.3174,47.378384,45.23193,42.88462,42.030598,0.0,0.0,6.851631,8.444131,10.697803,10,1
126000,28.561882,36.04576,10.624667,43.16859,6.8367057,8.531461,65.80112,65.80077,65.80043,41.770348,40.751,42.58588,44.360123,45.92312,46.537735,48.376125,45.37558,45.561565,48.784958,49.599716,50.4574,46.80506,46.50125,32.827553,34.349537,48.060574,39.569424,47.1851,48.555855,48.204426,42.961235,43.762955,38.85829,28.903843,44.923435,46.43055,46.59522,46.19214,46.19214,48.325737,48.82793,48.828117,48.238956,48.231495,44.547863,44.554794,44.542545,43.66018,41.80306,42.032963,43.512028,46.07007,40.41167,42.54521,43.302593,41.457623,45.85199,44.95866,44.32578,40.77608,38.83246,44.496307,42.20219,39.76078,44.963417,42.12496,42.102036,42.05479,42.35472,42.9615,41.74361,40.895535,42.570892,39.829147,40.10035,40.100086,39.79518,38.568794,38.56885,34.905228,33.053696,35.80993,44.612907,42.214417,49.875237,49.99405,47.443035,41.203938,47.288696,45.164097,42.794746,41.94015,0.0,0.0,6.8367057,8.531461,10.624667,10,1
129600,28.563576,35.971363,10.512526,43.105656,6.7505717,8.507759,65.79454,65.79419,65.793846,41.775764,40.75677,42.564445,44.337715,45.92163,46.498543,48.332275,45.33212,45.50909,48.703136,49.53098,50.36677,46.716557,46.408524,32.724274,34.2463,47.95757,39.48281,47.109566,48.481457,48.130615,42.88801,43.689884,38.784065,28.829466,44.84676,46.36071,46.529884,46.127663,46.127663,48.261253,48.766907,48.767082,48.17967,48.172424,44.48409,44.489967,44.47965,43.59675,41.755444,41.978962,43.4553,46.01043,40.360752,42.494247,43.25132,41.4105,45.84474,44.958923,44.327797,40.720318,38.825085,44.492775,42.199726,39.756046,44.956593,42.117428,42.094967,42.049908,42.35006,42.956974,41.739017,40.881775,42.557186,39.815025,40.083477,40.08318,39.77829,38.55102,38.551083,34.886436,33.03173,35.787357,44.555405,42.158615,49.824158,49.945053,47.380905,41.14723,47.228767,45.102215,42.78741,41.94014,0.0,0.0,6.7505717,8.507759,10.512526,10,1
133200,28.60621,35.944916,10.412206,43.07394,6.688627,8.507257,65.789345,65.789,65.78866,41.912067,40.896698,42.6491,44.420357,46.049458,46.53756,48.356842,45.36306,45.523262,48.647675,49.505753,50.29557,46.646645,46.33483,32.6366,34.15874,47.870598,39.430386,47.080074,48.455013,48.1045,42.86249,43.664387,38.75184,28.797022,44.798096,46.320675,46.49531,46.093975,46.093975,48.227573,48.736626,48.73677,48.149952,48.142815,44.45003,44.453342,44.44773,43.562126,41.733376,41.953888,43.434063,45.98397,40.36198,42.49533,43.251648,41.42374,45.84038,44.956768,44.325855,40.697727,38.82191,44.49931,42.20219,39.76719,44.97573,42.13924,42.11851,42.07904,42.379765,42.987007,41.768906,40.899025,42.57455,39.831818,40.096653,40.09632,39.791435,38.56284,38.56291,34.896576,33.035934,35.790024,44.55702,42.16427,49.841293,49.966877,47.34962,41.130634,47.201244,45.070923,42.784103,41.938313,0.0,0.0,6.688627,8.507257,10.41221,10,1
136800,28.68838,35.966286,10.33122,43.109085,6.688562,8.548585,65.78581,65.78546,65.78511,42.174675,41.166145,42.842846,44.611347,46.30454,46.663815,48.465206,45.47728,45.616398,48.62572,49.529804,50.246735,46.59896,46.284325,32.571377,34.09368,47.806347,39.41491,47.096878,48.47638,48.12614,42.88484,43.686676,38.76331,28.808128,44.790764,46.332462,46.5195,46.12045,46.120445,48.254044,48.772175,48.7723,48.188942,48.18207,44.483448,44.48474,44.48272,43.59636,41.790127,42.003216,43.484882,46.02611,40.441353,42.574387,43.32954,41.51836,45.942764,45.066708,44.437313,40.748024,38.92535,44.611107,42.313217,39.879864,45.089928,42.253914,42.23536,42.20362,42.50515,43.112854,41.894535,40.998375,42.674076,39.927856,40.18354,40.183098,39.878235,38.646454,38.646534,34.97622,33.09888,35.850834,44.62625,42.240158,49.93737,50.069378,47.38234,41.18555,47.24085,45.10703,42.88741,42.048275,0.0,0.0,6.688562,8.548585,10.33122,10,1
140400,1.6116968,35.492428,10.282256,42.49006,6.7582135,8.66814,65.748314,65.74796,65.7476,33.617195,33.30622,37.95804,39.93512,40.224487,43.421383,45.858635,42.373325,43.060867,47.894035,48.085503,49.729244,46.0941,45.82256,32.347622,33.869736,47.58319,39.04602,46.618084,48.002525,47.622646,42.361164,43.154305,38.140457,28.190943,44.051632,45.581676,45.76004,45.36785,45.36785,47.501453,48.058064,48.05816,47.537884,47.53154,43.87755,43.89319,43.86359,42.978775,41.07268,41.254704,42.523808,45.182186,38.809902,40.9599,41.733227,39.428856,45.417,44.556206,43.927017,39.861786,38.403393,44.216606,41.84589,39.5679,44.921192,42.133316,42.122032,42.09779,42.400093,43.00824,41.78972,40.993885,42.66975,39.927906,40.21884,40.21874,39.913887,38.691925,38.691948,35.032238,33.194576,35.944466,42.364075,39.85025,47.197456,47.168552,46.648746,40.04174,46.446312,44.47838,42.3646,41.541645,0.0,0.0,6.7582183,8.66814,10.282261,10,1
144000,1.5430453,38.8159,10.0486,42.363995,6.406988,8.626064,65.74065,65.740295,65.73993,33.54848,33.236954,37.887146,39.863052,40.154423,43.338814,45.773212,42.298485,42.98999,47.820686,48.01065,49.624214,45.990868,45.703224,32.16726,33.690346,47.404026,39.394928,47.350704,49.9411,48.21105,42.85365,43.607437,38.231472,28.276678,43.969063,45.485874,45.654972,45.260777,45.260777,47.394382,47.942516,47.942596,47.416428,47.410152,43.747692,43.75926,43.737514,42.84525,40.95811,41.138367,42.41597,45.06854,38.715,40.864124,41.637253,39.337368,45.31278,44.453724,43.824326,39.750957,38.29991,44.12523,41.74597,39.486202,44.85629,42.074055,42.06396,42.041836,42.34436,42.952637,41.734047,40.945267,42.621178,39.879574,40.173058,40.172974,39.86813,38.646767,38.646786,34.98763,33.15162,35.90092,42.291523,39.778,47.126465,47.097504,46.536057,39.940533,46.331104,44.353626,42.260887,41.440903,0.0,0.0,6.406988,8.626064,10.048605,10,1
147600,1.4411399,38.664204,9.8541,42.201363,6.1275077,8.574667,65.72919,65.72882,65.72846,33.446487,33.134407,37.77965,39.754623,40.050724,43.222435,45.652744,42.18548,42.869827,47.666332,47.868176,49.465298,45.836483,45.5398,31.98559,33.508736,47.222675,39.231293,47.19897,49.789406,48.061234,42.704235,43.458103,38.081097,28.12645,43.81467,45.330933,45.499382,45.10491,45.10491,47.238506,47.785175,47.78525,47.257046,47.250877,43.583237,43.59276,43.5749,42.679634,40.810295,40.988274,42.272453,44.91846,38.584515,40.7325,41.50512,39.210884,45.177868,44.321156,43.691532,39.60512,38.166416,44.009735,41.61959,39.383045,44.77454,41.999496,41.990868,41.971264,42.274044,42.882473,41.66382,40.88429,42.560257,39.81919,40.115974,40.115917,39.811077,38.59048,38.590496,34.93207,33.097782,35.846386,42.16266,39.651024,47.006435,46.978092,46.379356,39.801933,46.177387,44.191936,42.126873,41.311043,0.0,0.0,6.1275077,8.574667,9.854105,10,1
151200,1.4547856,38.55762,9.67007,42.101826,5.8923874,8.507044,65.71974,65.719376,65.719,33.460148,33.147026,37.78292,39.75667,40.06029,43.21293,45.633236,42.177338,42.84016,47.553734,47.78401,49.336704,45.70925,45.40434,31.821781,33.345028,47.059456,39.101883,47.0923,49.682823,47.958282,42.60208,43.356117,37.977203,28.022688,43.707664,45.23072,45.403263,45.009323,45.009323,47.142918,47.691116,47.69118,47.16147,47.15544,43.481472,43.488487,43.475353,42.577507,40.73405,40.9096,42.20616,44.8406,38.5446,40.690506,41.46198,39.179756,45.115597,44.262077,43.63289,39.53447,38.105484,43.955273,41.563004,39.330997,44.72669,41.953033,41.945736,41.930756,42.234013,42.84272,41.62393,40.83401,42.51008,39.767315,40.061256,40.06117,39.75634,38.5348,38.53482,34.875248,33.039043,35.786377,42.111847,39.60486,46.977203,46.950512,46.285152,39.744083,46.09198,44.09354,42.065353,41.252796,0.0,0.0,5.8923874,8.507044,9.670074,10,1
154800,1.310027,38.407066,9.503661,41.95363,5.719965,8.4961605,65.709175,65.70881,65.708435,33.31526,33.002075,37.637592,39.611336,39.915253,43.06768,45.487892,42.03193,42.694244,47.406654,47.637333,49.189396,45.566994,45.254505,31.662016,33.18527,46.8997,38.947456,46.941746,49.532265,47.808575,42.45285,43.207058,37.829372,27.8748,43.560925,45.084442,45.257305,44.863426,44.863426,46.99702,47.545494,47.545555,47.016113,47.010223,43.332832,43.339302,43.327225,42.428753,40.59624,40.76742,42.061253,44.69432,38.39918,40.545,41.31646,39.03438,45.00399,44.15482,43.526047,39.390526,37.99518,43.86755,41.46477,39.25518,44.671528,41.904823,41.898327,41.883343,42.1866,42.795307,41.576523,40.802937,42.479004,39.737694,40.03695,40.03691,39.73208,38.51196,38.51197,34.853912,33.021023,35.768353,41.96564,39.458725,46.8313,46.80464,46.13943,39.59829,45.945885,43.946182,41.954433,41.148254,0.0,0.0,5.719965,8.4961605,9.503661,10,1
158400,0.7974583,38.121563,9.343396,41.669304,5.560807,8.4307785,65.691895,65.69151,65.69115,32.80224,32.490788,37.147594,39.12457,39.408886,42.606903,45.044163,41.562824,42.2653,47.139565,47.314667,48.952366,45.33428,45.026604,31.473034,32.9961,46.709442,38.699898,46.656433,49.24676,47.51772,42.161514,42.915836,37.545013,27.589886,43.285275,44.799,44.96631,44.57192,44.57192,46.705517,47.253235,47.25333,46.728935,46.723106,43.049446,43.057278,43.04285,42.14334,40.28432,40.449493,41.71044,44.363625,37.995117,40.145096,40.918873,38.6141,44.73111,43.886982,43.25927,39.05129,37.72106,43.61537,41.202923,39.01397,44.44934,41.689056,41.68047,41.655136,41.957325,42.56541,41.346912,40.601955,42.2778,39.549328,39.854195,39.854202,39.549355,38.33074,38.33074,34.674717,32.86233,35.612522,41.578106,39.062172,46.4017,46.37204,45.846706,39.22648,45.633224,43.660915,41.681057,40.881966,0.0,0.0,5.560807,8.4307785,9.343396,10,1
162000,0.38526952,37.854366,9.157827,41.34973,5.339258,8.167324,65.674736,65.674355,65.67398,32.389668,32.07851,36.75332,38.73211,38.997375,42.225952,44.665543,41.17586,41.905396,46.87505,47.018032,48.71408,45.10324,44.794693,31.267937,32.790882,46.503548,38.457287,46.389355,48.979565,47.246838,41.889977,42.644207,37.275833,27.320591,43.00694,44.502567,44.658115,44.261585,44.261585,46.395184,46.934708,46.93483,46.407917,46.40195,42.73067,42.739532,42.72328,41.825096,39.941845,40.109085,41.360516,44.02287,37.629105,39.781456,40.55641,38.243958,44.376694,43.529343,42.90099,38.704716,37.36555,43.258377,40.84511,38.657887,44.094845,41.335102,41.324677,41.29294,41.594467,42.20217,40.983852,40.24667,41.922363,39.199974,39.5061,39.506138,39.201275,37.983814,37.98381,34.329956,32.535957,35.28791,41.24296,38.72169,46.041515,46.010212,45.53051,38.867123,45.302963,43.3409,41.326035,40.524338,0.0,0.0,5.339258,8.167324,9.157831,10,1
165600,0.366066,34.850067,9.197987,41.495174,5.256686,7.9200234,63.689293,92.07309,92.07309,32.37044,32.058884,36.82086,38.80104,38.97865,42.296616,44.751904,41.27436,42.173763,47.61383,47.60567,49.681652,46.753117,45.61039,31.585346,33.107346,46.817997,38.354385,45.991318,47.360157,47.015976,41.777817,42.581783,37.70264,27.754208,43.62078,44.945885,44.986557,44.56728,44.567272,46.70087,47.148373,47.148563,46.572353,46.56567,42.870564,42.873356,42.86882,41.958233,40.020515,40.202305,41.46053,44.147137,37.715244,39.875507,40.65545,38.32604,44.37102,43.505333,42.8755,38.802334,37.352684,43.17261,40.79464,38.53212,43.89968,41.116673,41.098907,41.04792,41.347466,41.95402,40.736233,40.003,41.67828,38.961506,39.266113,39.266117,38.961212,37.742546,37.742546,34.086792,32.27884,35.036102,41.634758,39.086147,46.306892,46.265312,45.773083,38.974983,45.46547,43.491627,41.314976,40.490612,0.0,0.0,5.256686,7.9200234,9.197987,10,1
169200,-0.61248356,34.49849,9.396607,41.0083,5.0959616,7.5723977,63.682713,92.02911,92.02911,31.390888,31.080126,35.92561,37.907047,38.007988,41.540836,44.04182,40.50264,41.485813,47.37103,47.212128,49.556503,46.627113,45.53909,31.69048,33.211693,46.918404,38.194942,45.6562,47.008583,46.655285,41.407555,42.208767,37.341652,27.394997,43.31867,44.566494,44.557148,44.12874,44.12874,46.26233,46.673985,46.67432,46.08347,46.076286,42.384228,42.38815,42.381947,41.454674,39.418182,39.601997,40.819035,43.58827,37.017864,39.199516,39.9847,37.607986,43.763893,42.889454,42.259403,38.175343,36.73759,42.528786,40.165855,37.871254,43.209225,40.416355,40.387093,40.2986,40.594273,41.19859,39.981842,39.28704,40.96149,38.27491,38.582073,38.582165,38.277176,37.06196,37.061954,33.41332,31.670042,34.43765,41.059425,38.485268,45.614914,45.56225,45.30959,38.393017,44.948574,43.00404,40.700718,39.872265,0.0,0.0,5.0959616,7.5723977,9.396607,10,1
172800,0.18082616,29.233263,9.503494,41.26481,4.795189,6.998093,63.7385,92.402954,92.402954,32.185024,31.871319,36.700447,38.67985,38.790623,42.12366,44.575714,41.14955,42.217415,48.04267,47.911915,50.31332,47.69638,46.17942,31.968964,33.48928,47.199104,37.854218,44.85392,44.148594,46.138454,41.085213,41.965897,37.80097,27.863382,43.91798,45.061497,44.97878,44.53458,44.534573,46.66817,47.01394,47.014164,46.3792,46.372066,42.635788,42.63428,42.638386,41.7201,39.780994,39.973892,41.262234,43.953175,37.53494,39.698605,40.482136,38.147186,44.06942,43.192585,42.5634,38.593437,37.043285,42.75215,40.43944,38.037693,43.276897,40.45077,40.426308,40.367447,40.666176,41.27226,40.05469,39.26673,40.941833,38.209488,38.498676,38.49858,38.19366,36.972336,36.972363,33.313786,31.46998,34.229416,41.779995,39.20891,46.348152,46.298195,45.671085,38.792572,45.29285,43.27149,41.006348,40.174118,0.0,0.0,4.795189,6.998093,9.5034895,10,1
176400,28.08575,29.48126,9.756925,42.07925,4.906015,6.8181977,63.780624,92.68672,92.68672,40.24629,39.160603,41.636787,43.40119,44.36248,45.61011,47.46705,44.65059,45.34481,49.02676,49.63621,51.139297,48.505272,46.902313,32.376637,33.896297,47.600037,38.17445,45.138153,44.39659,46.43262,41.409637,42.30578,38.368023,28.425709,44.889782,46.023735,45.93855,45.487095,45.48709,47.62068,47.92391,47.92436,47.220207,47.21187,43.444427,43.438686,43.452984,42.559246,40.68804,40.940617,42.517906,45.09276,39.487545,41.62605,42.38901,40.521725,44.62406,43.719463,43.088337,39.74738,37.574806,43.04645,40.84879,38.201614,43.214565,40.31255,40.26465,40.14785,40.44061,41.043232,39.82727,39.02504,40.698864,37.979576,38.256886,38.25673,37.951687,36.729065,36.729103,33.06999,31.212723,33.988144,44.458714,42.030533,49.626335,49.691425,46.604103,40.277252,46.326145,44.094414,41.54356,40.688667,0.0,0.0,4.906015,6.8181977,9.756915,10,1
180000,28.592258,30.582876,10.096276,42.97892,5.296963,6.5380383,63.821674,92.964455,92.964455,41.867462,40.832355,43.034706,44.804916,46.03586,46.92261,48.68398,45.90269,46.408974,49.92615,50.580215,51.94534,49.294666,47.639435,32.86474,34.38544,48.094196,39.014046,46.210762,45.4982,47.55553,42.548244,43.44838,39.475895,29.531113,45.80683,46.959282,46.88348,46.42997,46.42997,48.563557,48.85623,48.856495,48.137836,48.129536,44.338684,44.327442,44.35268,43.459965,41.618317,41.872456,43.48641,46.050285,40.556377,42.69063,43.451057,41.667084,45.552326,44.64537,44.014668,40.702972,38.495277,43.818542,41.708904,38.873943,43.713776,40.753395,40.711533,40.642536,40.940224,41.5457,40.328415,39.233337,40.908215,38.15399,38.336407,38.335293,38.030354,36.77908,36.779278,33.088566,31.13082,33.89305,45.48915,43.073963,50.696377,50.786816,47.54068,41.270294,47.275017,44.999207,42.466354,41.60619,0.0,0.0,5.296963,6.5380383,10.096262,10,1
183600,28.69882,30.986765,10.503666,43.36184,5.808997,6.766922,63.840927,93.095146,93.095146,42.20804,41.181587,43.406464,45.178562,46.40253,47.30281,49.065155,46.28299,46.788967,50.305958,50.959984,52.323833,49.66535,48.02297,33.264015,34.784737,48.493675,39.41578,46.613445,45.902092,47.957817,42.949432,43.849026,39.868637,29.92389,46.18657,47.338696,47.262527,46.808884,46.808884,48.942482,49.234547,49.234806,48.51512,48.506626,44.723457,44.71385,44.735603,43.844643,41.98991,42.250458,43.866627,46.430855,40.938225,43.072453,43.832813,42.048767,45.882984,44.968876,44.33666,41.082413,38.82654,44.133923,42.030922,39.181797,44.00858,41.043797,41.002018,40.934765,41.232628,41.83821,40.620876,39.50755,41.182465,38.425316,38.600594,38.5994,38.29446,37.040882,37.041092,33.347576,31.377161,34.138916,45.868313,43.452965,51.075375,51.165184,47.919224,41.650917,47.655056,45.380592,42.79724,41.929737,0.0,0.0,5.808997,6.766922,10.503656,10,1
187200,28.842216,30.35634,10.439028,42.797115,5.9697084,6.834773,65.81816,65.817825,65.81748,42.666046,41.666725,43.249065,45.010742,46.7752,46.902615,48.606632,45.725582,45.87066,48.795353,49.746723,50.495026,47.034645,46.50153,32.709373,34.230507,47.94434,38.810337,45.942142,45.271667,47.24406,42.18065,43.05442,38.75058,28.803835,44.87579,46.29776,46.40177,45.98389,45.98389,48.11749,48.55588,48.555958,47.914547,47.907196,44.169487,44.168438,44.171047,43.295456,41.497967,41.72754,43.289284,45.81388,40.41394,42.546482,43.29973,41.570812,45.55304,44.66066,44.029533,40.52423,38.529472,44.059322,41.84737,39.230682,44.271736,41.378815,41.35898,41.338383,41.641064,42.249428,41.0308,39.932426,41.608376,38.81729,38.985153,38.98377,38.678925,37.418247,37.418472,33.7125,31.660536,34.409416,44.876255,42.49581,50.20461,50.34763,47.193104,41.04907,47.024998,44.805965,42.491993,41.63671,0.0,0.0,5.9697084,6.834773,10.439028,10,1
190800,28.71542,36.125267,10.50921,42.80615,6.2569838,7.312865,65.80306,65.80272,65.802376,42.261066,41.252018,42.923233,44.688816,46.377983,46.679764,48.42564,45.511627,45.674984,48.732765,49.62594,50.423763,46.831272,46.46136,32.74885,34.271152,47.984074,39.581516,47.25434,48.635365,48.280823,43.03666,43.8372,38.898537,28.944826,44.821045,46.255634,46.369217,45.95401,45.95401,48.08761,48.5379,48.538006,47.908306,47.90081,44.180145,44.180214,44.18015,43.29986,41.479633,41.712635,43.25093,45.788162,40.303818,42.43687,43.19175,41.425648,45.512417,44.616398,43.984177,40.494133,38.489586,44.051586,41.818047,39.24742,44.330944,41.45236,41.43056,41.40123,41.703,42.310856,41.09246,40.071075,41.74683,38.98104,39.18647,39.185505,38.880642,37.63308,37.63324,33.944115,31.980429,34.73172,44.704567,42.316452,50.00317,50.13759,47.17084,40.991226,47.00332,44.810753,42.452038,41.594112,0.0,0.0,6.2569838,7.312865,10.50921,10,1
194400,28.80938,36.2619,10.458924,43.02468,6.423745,7.6316085,65.823875,65.82353,65.823204,42.5612,41.5601,43.203827,44.969143,46.68856,46.933346,48.672733,45.757557,45.90748,48.900463,49.819386,50.574207,47.111507,46.57187,32.74941,34.271893,47.985233,39.660564,47.388317,48.772,48.426125,43.188263,43.991196,39.068497,29.113943,45.000492,46.450676,46.574524,46.16132,46.16132,48.294914,48.75331,48.753414,48.12753,48.120167,44.39845,44.398438,44.398582,43.519176,41.709053,41.93812,43.475418,46.008015,40.540432,42.673264,43.427486,41.668236,45.76456,44.87154,44.23954,40.718975,38.74376,44.3306,42.0848,39.54032,44.64794,41.77744,41.757717,41.73238,42.03457,42.64265,41.424156,40.40928,42.085125,39.317078,39.523888,39.52293,39.21808,37.970528,37.970688,34.28122,32.313747,35.06394,44.922787,42.538254,50.23634,50.373714,47.38366,41.21633,47.221287,45.029392,42.706142,41.850407,0.0,0.0,6.423745,7.6316085,10.458924,10,1
198000,28.667835,39.825104,10.56123,43.05914,6.61785,7.9666533,65.829315,65.82899,65.82864,42.10903,41.096134,42.881813,44.652317,46.25285,46.739506,48.523075,45.58432,45.77641,48.967564,49.79912,50.64976,47.184856,46.653965,32.849457,34.37281,48.08474,40.264874,48.360226,50.950302,49.252995,43.91376,44.6744,39.340046,29.378984,45.054504,46.488834,46.603115,46.188667,46.188663,48.322266,48.776405,48.776554,48.153282,48.145706,44.433674,44.4347,44.433193,43.54977,41.71372,41.94784,43.469776,46.01838,40.46324,42.596653,43.353115,41.55408,45.738655,44.8412,44.20832,40.718742,38.71658,44.314266,42.058098,39.535736,44.66374,41.80015,41.77679,41.737984,42.038788,42.646065,41.427937,40.483356,42.1589,39.410038,39.647816,39.647205,39.342323,38.105637,38.105743,34.430157,32.531586,35.285484,44.827557,42.43177,50.09744,50.222218,47.407764,41.195206,47.236423,45.061497,42.67899,41.820465,0.0,0.0,6.61785,7.9666533,10.56123,10,1
201600,28.780706,39.981922,10.660391,43.211994,6.709328,8.1275,65.839,65.83867,65.83833,42.469627,41.46607,43.1975,44.966583,46.61805,47.001976,48.76489,45.837475,46.008907,49.117348,49.98528,50.784058,47.315228,46.78273,32.959507,34.48296,48.19563,40.403336,48.516907,51.10712,49.412373,44.07358,44.8343,39.49959,29.538626,45.20805,46.64643,46.762836,46.34845,46.34845,48.482044,48.935993,48.936115,48.31012,48.302597,44.586037,44.58634,44.58598,43.704094,41.878544,42.11158,43.6422,46.183704,40.670753,42.803936,43.559387,41.77908,45.9081,45.009968,44.37644,40.888107,38.88826,44.50209,42.23757,39.73303,44.87747,42.019382,41.998676,41.966938,42.268463,42.87617,41.65785,40.702072,42.37777,39.62424,39.856964,39.856293,39.551426,38.312634,38.312748,34.634247,32.720943,35.472897,45.045307,42.654266,50.33344,50.463745,47.56761,41.375893,47.39995,45.215446,42.85055,41.990242,0.0,0.0,6.709328,8.1275,10.660386,10,1
205200,28.66042,39.85792,10.774058,43.231243,6.847789,8.340137,65.8136,65.81326,65.81292,42.085342,41.073063,42.873573,44.646038,46.239677,46.769318,48.577328,45.607586,45.79006,48.97868,49.80866,50.63418,46.97321,46.67688,32.9933,34.516506,48.228218,40.343323,48.39308,50.983124,49.27695,43.93416,44.69362,39.355907,29.394785,45.094532,46.569332,46.711422,46.303135,46.303135,48.43673,48.91679,48.916946,48.31129,48.30372,44.607986,44.611828,44.60526,43.72172,41.87237,42.10637,43.608234,46.160503,40.56038,42.693825,43.45052,41.631428,45.896477,44.998398,44.36487,40.86426,38.876076,44.5043,42.22998,39.746346,44.910057,42.05849,42.035767,41.99493,42.295517,42.902676,41.68461,40.77953,42.455032,39.710518,39.962936,39.962475,39.657593,38.425434,38.425526,34.755253,32.8793,35.633766,44.837296,42.44131,50.107964,50.230972,47.53943,41.31802,47.37849,45.229576,42.83842,41.979004,0.0,0.0,6.847789,8.340137,10.774058,10,1
208800,28.664162,39.80192,10.684766,43.220695,6.8389893,8.4324665,65.80915,65.80881,65.80847,42.09728,41.085682,42.86734,44.639378,46.24867,46.75498,48.56336,45.588642,45.762356,48.925446,49.766033,50.569946,46.913277,46.610054,32.91385,34.437088,48.148945,40.277813,48.337055,50.92712,49.22266,43.880463,44.640114,39.302906,29.341625,45.050518,46.537888,46.68847,46.281944,46.281944,48.415535,48.902878,48.90303,48.301765,48.29437,44.597797,44.601944,44.594784,43.71212,41.873005,42.101727,43.597904,46.148266,40.547916,42.681313,43.437786,41.618725,45.929592,45.03729,44.40486,40.855938,38.909874,44.55394,42.272865,39.80364,44.98063,42.133522,42.111645,42.07217,42.3729,42.98014,41.762035,40.863976,42.539505,39.795197,40.050167,40.049732,39.744854,38.513363,38.513447,34.843872,32.970577,35.724667,44.804367,42.409798,50.080753,50.205135,47.52312,41.304966,47.365856,45.219357,42.872177,42.018166,0.0,0.0,6.8389893,8.4324665,10.684766,10,1
212400,28.558945,36.033646,10.612017,43.156418,6.824279,8.519582,65.80025,65.799904,65.79956,41.760952,40.741364,42.575123,44.349293,45.912834,46.526325,48.364525,45.36413,45.55002,48.773003,49.58795,50.445435,46.793377,46.489216,32.815178,34.337154,48.0482,39.5572,47.172993,48.543743,48.192333,42.949165,43.75089,38.846294,28.89184,44.911446,46.418507,46.58315,46.180065,46.180065,48.313656,48.81582,48.816,48.226807,48.219345,44.535683,44.5426,44.530373,43.648003,41.790924,42.02083,43.49995,46.05796,40.399796,42.53333,43.29071,41.445873,45.839874,44.946552,44.31367,40.76399,38.820354,44.48424,42.1901,39.748745,44.95143,42.112995,42.090073,42.042828,42.342754,42.949535,41.73164,40.883614,42.55897,39.81723,40.088444,40.088177,39.783276,38.556892,38.556946,34.89333,33.04181,35.798042,44.601326,42.20286,49.863747,49.982624,47.430927,41.191917,47.27659,45.151936,42.782635,41.92804,0.0,0.0,6.824279,8.519582,10.612021,10,1
216000,28.560698,35.959507,10.500224,43.093666,6.738377,8.495807,65.79369,65.79334,65.793,41.766556,40.74732,42.553898,44.32709,45.911552,46.487335,48.32088,45.320877,45.497765,48.691406,49.519444,50.355053,46.705116,46.396744,32.712208,34.234234,47.945503,39.470867,47.09771,48.4696,48.118786,42.876186,43.678066,38.7723,28.817703,44.834988,46.348885,46.51801,46.11578,46.11578,48.249374,48.754982,48.755154,48.167706,48.16046,44.472088,44.47796,44.46766,43.58475,41.743492,41.967007,43.443413,45.998516,40.34907,42.48256,43.239635,41.39895,45.832783,44.946964,44.315838,40.70841,38.81312,44.480816,42.187763,39.744087,44.944637,42.105473,42.083015,42.037956,42.338108,42.945015,41.727066,40.869823,42.545227,39.803066,40.071526,40.071228,39.766335,38.53907,38.539127,34.874485,33.01978,35.775406,44.544044,42.14729,49.812897,49.93385,47.368996,41.1354,47.216846,45.090233,42.77545,41.928185,0.0,0.0,6.738377,8.495807,10.500224,10,1
219600,28.603374,35.933266,10.400239,43.062008,6.6766744,8.495299,65.78851,65.78816,65.78782,41.90299,40.887386,42.638706,44.409885,46.039513,46.52648,48.34557,45.351955,45.5121,48.6361,49.494366,50.284016,46.635365,46.323246,32.624817,34.146957,47.858814,39.418682,47.06842,48.443363,48.092854,42.850864,43.65276,38.740246,28.785433,44.78646,46.308964,46.483532,46.082184,46.08218,48.215782,48.72477,48.724922,48.13805,48.130917,44.43809,44.44139,44.435802,43.55019,41.72149,41.942,43.42226,45.972134,40.350395,42.483746,43.240055,41.412304,45.828476,44.944862,44.31395,40.685898,38.81001,44.487392,42.190285,39.75527,44.963802,42.127308,42.10658,42.067104,42.367832,42.97507,41.75697,40.887077,42.562607,39.819874,40.084705,40.08437,39.779488,38.55089,38.550964,34.88463,33.023983,35.778072,44.54582,42.1531,49.83019,49.955826,47.33779,41.118893,47.189396,45.059002,42.7722,41.926407,0.0,0.0,6.6766744,8.495299,10.400239,10,1
223200,28.68561,35.954826,10.319556,43.097546,6.676911,8.536646,65.78498,65.78464,65.78429,42.165825,41.157063,42.832684,44.601112,46.294834,46.652977,48.454193,45.466408,45.605476,48.614304,49.518593,50.235313,46.5878,46.272896,32.55985,34.08215,47.794815,39.403423,47.08542,48.464924,48.11469,42.873394,43.675236,38.75189,28.7967,44.77933,46.321003,46.50802,46.108967,46.108967,48.24256,48.760674,48.76079,48.177414,48.170544,44.47191,44.473198,44.47118,43.584824,41.7786,41.9917,43.47343,46.014618,40.43008,42.563107,43.318256,41.507214,45.931194,45.055134,44.425735,40.73655,38.913773,44.599472,42.301617,39.868187,45.078182,42.242146,42.22359,42.191856,42.49338,43.101086,41.882767,40.98655,42.66225,39.91602,40.17168,40.17124,39.866375,38.634586,38.63467,34.964344,33.086975,35.838932,44.61526,42.229202,49.926495,50.058556,47.370842,41.17414,47.229347,45.09549,42.87583,42.036694,0.0,0.0,6.676911,8.536646,10.319556,10,1
226800,1.6009719,35.48175,10.270935,42.47914,6.7466884,8.656299,65.74756,65.7472,65.74685,33.60646,33.295483,37.947308,39.92438,40.213745,43.410595,45.847843,42.362576,43.050198,47.88351,48.07493,49.718815,46.08392,45.812008,32.336613,33.858727,47.57218,39.035202,46.607403,47.991848,47.612,42.350533,43.143677,38.129906,28.180386,44.041027,45.570957,45.749256,45.35705,45.35705,47.49065,48.047195,48.04729,47.526978,47.520634,43.866623,43.882256,43.852676,42.967834,41.06174,41.243786,42.51294,45.171314,38.799076,40.949078,41.722404,39.418045,45.405933,44.54512,43.91593,39.850895,38.39233,44.20541,41.83478,39.556602,44.909718,42.121788,42.110497,42.086258,42.38856,42.996708,41.778183,40.982216,42.658077,39.916218,40.20711,40.207012,39.90216,38.680183,38.680206,35.020485,33.18279,35.932682,42.353443,39.839607,47.186787,47.15787,46.63791,40.030903,46.43544,44.467464,42.35354,41.53055,0.0,0.0,6.7466884,8.656299,10.270935,10,1
230400,1.5324414,38.805367,10.037494,42.35319,6.395635,8.614586,65.7399,65.73954,65.73918,33.53787,33.226334,37.876537,39.85244,40.1438,43.328148,45.762543,42.28786,42.97943,47.810265,48.000187,49.613884,45.980778,45.69278,32.156418,33.679504,47.393185,39.38427,47.340183,49.93057,48.20055,42.843163,43.59696,38.22103,28.266241,43.958557,45.47527,45.644295,45.250088,45.250088,47.383686,47.93176,47.931847,47.40564,47.39937,43.736877,43.74843,43.72671,42.834423,40.94729,41.127563,42.40522,45.057777,38.704292,40.853416,41.626545,39.32667,45.30187,44.442795,43.813396,39.740185,38.288994,44.11422,41.735023,39.475113,44.845078,42.0628,42.052704,42.030582,42.3331,42.941376,41.72279,40.93391,42.609825,39.86821,40.161663,40.16158,39.85673,38.63536,38.63538,34.97622,33.140186,35.88949,42.281002,39.767467,47.115913,47.08695,46.52533,39.929806,46.320335,44.342823,42.249973,41.42996,0.0,0.0,6.39564,8.614586,10.037494,10,1
234000,1.4307034,38.653843,9.843208,42.190712,6.11635,8.563467,65.72845,65.72809,65.72772,33.436043,33.12396,37.769215,39.744183,40.040268,43.21194,45.642235,42.175026,42.85944,47.65607,47.85787,49.455124,45.826546,45.529526,31.974945,33.49809,47.21203,39.22081,47.188606,49.77904,48.0509,42.693913,43.44779,38.070816,28.116167,43.80433,45.320488,45.488857,45.094376,45.094376,47.227974,47.774582,47.77465,47.246407,47.240242,43.57257,43.58209,43.564247,42.668964,40.799633,40.977634,42.261856,44.907852,38.57397,40.721954,41.49458,39.200356,45.167126,44.310406,43.68078,39.594505,38.155674,43.998905,41.608807,39.372154,44.76355,41.988472,41.97984,41.960243,42.26302,42.87145,41.65279,40.87319,42.54916,39.80808,40.10484,40.104782,39.799942,38.57934,38.579357,34.920925,33.08663,35.83524,42.152298,39.640663,46.996044,46.967705,46.368782,39.791363,46.166782,44.181286,42.116135,41.300285,0.0,0.0,6.11635,8.563467,9.843208,10,1
237600,1.4444932,38.547398,9.659382,42.091293,5.8814344,8.496081,65.71901,65.71864,65.71828,33.44984,33.136715,37.77262,39.746372,40.04997,43.202583,45.62287,42.16702,42.82991,47.543594,47.77384,49.32666,45.69944,45.394215,31.811317,33.334564,47.04899,39.091557,47.082077,49.672596,47.948082,42.591896,43.345936,37.96706,28.012533,43.697453,45.220398,45.39287,44.998917,44.998917,47.13251,47.680653,47.68071,47.150963,47.14493,43.470936,43.47794,43.464825,42.566963,40.723522,40.899082,42.195694,44.83012,38.53419,40.680096,41.451572,39.16937,45.105,44.251476,43.622288,39.523987,38.094887,43.9446,41.55237,39.320282,44.71589,41.94221,41.93491,41.919926,42.223183,42.83189,41.613106,40.823112,42.49918,39.756416,40.050335,40.050247,39.74542,38.523876,38.52389,34.86431,33.02809,35.775425,42.101627,39.59463,46.966946,46.940258,46.274696,39.733646,46.081505,44.08302,42.054756,41.242184,0.0,0.0,5.8814344,8.496081,9.659387,10,1
241200,1.2999113,38.397022,9.493178,41.94328,5.709235,8.485394,65.70846,65.70809,65.70772,33.305138,32.991947,37.62748,39.60121,39.90511,43.057518,45.477703,42.021797,42.684174,47.39669,47.62734,49.179523,45.557358,45.244553,31.651741,33.175,46.889423,38.937313,46.9317,49.52222,47.798557,42.442833,43.19705,37.819397,27.864822,43.550884,45.0743,45.247093,44.853203,44.853203,46.986797,47.535206,47.535267,47.00579,46.999897,43.322475,43.328934,43.316875,42.418392,40.5859,40.757088,42.050964,44.684025,38.38895,40.53477,41.30623,39.024178,44.99358,44.144394,43.51562,39.380222,37.98476,43.85705,41.45431,39.24464,44.66092,41.89419,41.887688,41.872707,42.175964,42.784664,41.565884,40.792248,42.46832,39.726997,40.026234,40.026196,39.72137,38.501244,38.50125,34.843193,33.0103,35.75763,41.9556,39.448673,46.82122,46.79457,46.129166,39.588036,45.935585,43.935837,41.94402,41.13782,0.0,0.0,5.709235,8.485394,9.493178,10,1
244800,0.7876217,38.11179,9.333109,41.659256,5.5502963,8.420216,65.6912,65.69083,65.690445,32.792393,32.480938,37.137737,39.114704,39.399033,42.597,45.034245,41.55296,42.255497,47.12987,47.304943,48.942753,45.324894,45.016907,31.462986,32.98605,46.69939,38.690002,46.646656,49.236988,47.50797,42.151775,42.9061,37.535313,27.580183,43.275513,44.78914,44.956383,44.561985,44.561985,46.695583,47.243248,47.243343,46.718903,46.713074,43.03939,43.04722,43.032806,42.13328,40.27428,40.43946,41.700455,44.353626,37.985172,40.135147,40.90893,38.604168,44.720997,43.87686,43.249146,39.041286,37.710945,43.60518,41.192753,39.00374,44.43905,41.67874,41.670155,41.64482,41.947006,42.555096,41.336594,40.591618,42.26746,39.53898,39.84384,39.84385,39.538998,38.320393,38.320393,34.664356,32.85191,35.6021,41.568333,39.05239,46.391888,46.362236,45.836735,39.216522,45.623226,43.650875,41.67094,40.87183,0.0,0.0,5.5502963,8.420216,9.333114,10,1
248400,0.37570727,37.844826,9.147734,41.339943,5.328947,8.156962,65.67405,65.673676,65.673294,32.380096,32.06893,36.743725,38.722504,38.987797,42.21629,44.655872,41.166245,41.89584,46.865593,47.00855,48.70471,45.094086,44.78522,31.258097,32.78104,46.493706,38.44762,46.37981,48.970024,47.237328,41.880478,42.634712,37.266376,27.31113,42.997417,44.492958,44.64844,44.2519,44.2519,46.385494,46.924973,46.925095,46.398144,46.39218,42.720875,42.729733,42.713497,41.815292,39.932056,40.099308,41.350784,44.01313,37.61941,39.771755,40.546715,38.23427,44.366833,43.519474,42.89112,38.69497,37.355686,43.248432,40.835205,38.647903,44.0848,41.32504,41.314613,41.282875,41.5844,42.192104,40.973785,40.23659,41.91229,39.189888,39.496002,39.496048,39.191177,37.973713,37.973713,34.319843,32.525776,35.27773,41.233433,38.71215,46.03195,46.000652,45.52079,38.857426,45.293224,43.33112,41.31617,40.51446,0.0,0.0,5.328947,8.156962,9.147738,10,1
252000,0.37041926,34.856777,9.206354,41.499153,5.2599235,7.916284,63.689625,92.07531,92.07531,32.374798,32.063236,36.8254,38.805576,38.982998,42.300903,44.75615,41.278824,42.178734,47.619812,47.61133,49.688126,46.759476,45.617188,31.593168,33.11517,46.825817,38.361565,45.99803,47.366875,47.022594,41.78436,42.588295,37.708874,27.760452,43.62635,44.95089,44.99118,44.571815,44.571815,46.70541,47.15259,47.15279,46.57637,46.569683,42.874535,42.87732,42.8728,41.9622,40.02428,40.206203,41.46463,44.151257,37.71947,39.879745,40.659687,38.33028,44.373962,43.508137,42.878296,38.806362,37.3556,43.17465,40.797234,38.533527,43.899982,41.116604,41.098812,41.047825,41.347366,41.953922,40.736134,40.00248,41.67776,38.96077,39.265327,39.26533,38.960426,37.741722,37.741722,34.08589,32.27719,35.034454,41.639996,39.091324,46.31186,46.270252,45.777405,38.979164,45.469616,43.495625,41.31789,40.49333,0.0,0.0,5.2599235,7.916284,9.206349,10,1
255600,-0.60686994,34.505474,9.404547,41.013306,5.099622,7.5710683,63.683067,92.03149,92.03149,31.396502,31.085728,35.93126,37.912693,38.01356,41.546192,44.047115,40.508114,41.491676,47.377583,47.218468,49.563442,46.63393,45.546223,31.698162,33.219376,46.92609,38.20222,45.66319,47.01557,46.66222,41.414455,42.21565,37.348377,27.401731,43.324898,44.572292,44.56264,44.134174,44.13417,46.267757,46.67916,46.679504,46.08851,46.081326,42.38922,42.39313,42.386948,41.459698,39.42308,39.606995,40.824165,43.593296,37.023064,39.204727,39.989914,37.61324,43.768227,42.8937,42.26365,38.180428,36.74187,42.532383,40.16985,37.874397,43.211594,40.418457,40.389175,40.30069,40.596363,41.200676,39.983932,39.288963,40.963413,38.276714,38.58379,38.583885,38.2789,37.06362,37.063614,33.414875,31.670782,34.438393,41.06548,38.49128,45.620777,45.568104,45.314854,38.3981,44.953663,43.009052,40.705013,39.87649,0.0,0.0,5.099622,7.5710683,9.404547,10,1
259200,0.1854817,29.23962,9.511093,41.2693,4.799305,6.998317,63.73881,92.40505,92.40505,32.189682,31.875978,36.705246,38.684654,38.79528,42.128323,44.580357,41.15432,42.22251,48.048435,47.917458,50.3194,47.702335,46.185753,31.97613,33.496445,47.20627,37.860916,44.86028,44.15495,46.14472,41.091415,41.97208,37.80692,27.869345,43.92349,45.06665,44.98368,44.53943,44.53943,46.673023,47.018585,47.018818,46.383728,46.37659,42.640266,42.638752,42.642868,41.72458,39.78537,39.978336,41.266796,43.957752,37.539574,39.70324,40.48678,38.15183,44.073387,43.1965,42.567314,38.59796,37.047203,42.755356,40.443047,38.04046,43.27889,40.452503,40.428005,40.369144,40.66788,41.27396,40.05639,39.267918,40.943016,38.210567,38.49959,38.4995,38.194572,36.973217,36.97324,33.314648,31.470804,34.23024,41.78526,39.214146,46.35324,46.303272,45.675804,38.797188,45.29745,43.275986,41.010273,40.178005,0.0,0.0,4.799305,6.998317,9.511088,10,1
262800,28.087135,29.48747,9.76425,42.08416,4.910419,6.819635,63.780926,92.688736,92.688736,40.250725,39.16513,41.641933,43.40635,44.36724,45.615223,47.472168,44.65582,45.350334,49.032417,49.64187,51.14516,48.511017,46.908417,32.383533,33.903194,47.606934,38.180946,45.14436,44.402794,46.43875,41.415718,42.311832,38.37387,28.43156,44.895294,46.029034,45.943707,45.49222,45.49222,47.625813,47.928917,47.929367,47.225132,47.216793,43.449333,43.443584,43.45789,42.564148,40.692867,40.9455,42.52288,45.09774,39.492615,41.631123,42.394085,40.52681,44.62864,43.724007,43.09288,39.75232,37.579315,43.050365,40.85302,38.20517,43.21749,40.315266,40.26734,40.150543,40.443302,41.045925,39.829964,39.027325,40.701145,37.981773,38.258957,38.258804,37.95376,36.731106,36.731148,33.072018,31.214684,33.990105,44.464317,42.03612,49.631863,49.696926,46.609146,40.282284,46.331135,44.09933,41.548084,40.693172,0.0,0.0,4.910419,6.819635,9.764241,10,1
266400,28.593607,30.588964,10.103387,42.983955,5.301502,6.5402,63.821964,92.96643,92.96643,41.871777,40.83677,43.039703,44.809933,46.040527,46.927715,48.689102,45.907883,46.414387,49.931736,50.585716,51.95106,49.30027,47.645374,32.871437,34.392136,48.100895,39.02039,46.216854,45.50429,47.561543,42.554195,43.45431,39.48163,29.53685,45.812298,46.964607,46.888695,46.435165,46.435165,48.568752,48.861336,48.861607,48.14289,48.134594,44.34371,44.33246,44.35771,43.46499,41.6233,41.877472,43.49148,46.055367,40.561504,42.695763,43.456184,41.672203,45.557148,44.650173,44.019474,40.70803,38.500046,43.82288,41.713474,38.87801,43.71738,40.75684,40.714966,40.64597,40.943657,41.549133,40.33185,39.236347,40.91123,38.15695,38.33921,38.338097,38.03315,36.781834,36.78203,33.091263,31.133266,33.895496,45.49457,43.07937,50.70175,50.792168,47.545822,41.275406,47.28011,45.004242,42.471146,41.610966,0.0,0.0,5.301502,6.5402,10.103378,10,1
270000,28.700165,30.992748,10.510605,43.366894,5.8136387,6.769554,63.84121,93.0971,93.0971,42.21233,41.185966,43.41142,45.183544,46.407173,47.307888,49.07026,46.288147,46.794327,50.311474,50.965424,52.32948,49.67088,48.028824,33.27056,34.791283,48.50022,39.422,46.619434,45.90808,47.96373,42.9553,43.85487,39.874302,29.929556,46.192,47.34399,47.267735,46.81408,46.81407,48.94767,49.239662,49.239925,48.520187,48.511696,44.728504,44.718887,44.740658,43.849693,41.994923,42.255497,43.871716,46.435955,40.943344,43.07757,43.837936,42.05387,45.887863,44.97374,44.341522,41.087486,38.831375,44.138397,42.035595,39.18605,44.012444,41.04753,41.00574,40.93849,41.236355,41.841938,40.624603,39.510925,41.18584,38.428646,38.603786,38.602596,38.297657,37.044033,37.044243,33.350685,31.380053,34.141804,45.87368,43.458317,51.080704,51.170486,47.924366,41.656033,47.660156,45.385654,42.802094,41.934574,0.0,0.0,5.8136387,6.769554,10.510591,10,1
273600,28.842686,30.35834,10.441125,42.799095,5.971894,6.835815,65.818306,65.81797,65.81763,42.66755,41.668262,43.250793,45.01248,46.776848,46.90446,48.60851,45.727432,45.872524,48.797314,49.748646,50.496983,47.036545,46.50352,32.71144,34.232567,47.946407,38.812363,45.944145,45.27367,47.24606,42.18264,43.056408,38.75255,28.805801,44.87775,46.299725,46.403744,45.985855,45.985855,48.119457,48.557846,48.557926,47.91652,47.90916,44.171474,44.17042,44.173027,43.297436,41.49992,41.729507,43.29124,45.815845,40.415867,42.548412,43.30166,41.572716,45.55494,44.66256,44.031433,40.52619,38.53137,44.061104,41.849213,39.232395,44.273327,41.380363,41.36052,41.339924,41.642605,42.250973,41.032345,39.933853,41.609802,38.818687,38.986504,38.985115,38.680275,37.41958,37.419804,33.71381,31.66174,34.41062,44.87814,42.497684,50.206467,50.349476,47.19507,41.051018,47.026962,44.80795,42.49389,41.638603,0.0,0.0,5.971894,6.835815,10.441125,10,1
277200,28.715897,36.127262,10.511247,42.808147,6.2590995,7.3140507,65.80321,65.802864,65.80252,42.2626,41.253593,42.924995,44.690586,46.37966,46.68164,48.427547,45.51351,45.676888,48.734753,49.62789,50.425755,46.833218,46.463352,32.750866,34.273167,47.986088,39.58352,47.25633,48.63736,48.282818,43.038654,43.83919,38.90052,28.946812,44.823032,46.257614,46.371204,45.956,45.955994,48.089592,48.539883,48.539997,47.910297,47.902794,44.182144,44.182213,44.182148,43.301857,41.481606,41.714615,43.252907,45.79015,40.305763,42.438816,43.193703,41.42757,45.51434,44.61831,43.986095,40.496113,38.4915,44.0534,41.819912,39.249165,44.332573,41.453945,41.432148,41.402817,41.704586,42.312435,41.094048,40.07256,41.74831,38.9825,39.18788,39.186913,38.882053,37.634476,37.63464,33.945496,31.981731,34.733025,44.70648,42.31836,50.005054,50.13947,47.17283,40.993195,47.005302,44.812748,42.453953,41.59602,0.0,0.0,6.2590995,7.3140507,10.511247,10,1
280800,28.809828,36.26378,10.460901,43.026577,6.4257965,7.632939,65.824,65.82367,65.823326,42.562626,41.561558,43.205463,44.970795,46.69012,46.93509,48.674515,45.75931,45.909245,48.902306,49.82119,50.576035,47.11329,46.573727,32.751347,34.27383,47.987167,39.662468,47.39019,48.773872,48.427998,43.19013,43.99306,39.070343,29.11579,45.002342,46.452534,46.576393,46.163193,46.163185,48.296783,48.755188,48.755287,48.129414,48.12205,44.400337,44.400333,44.400475,43.52106,41.710926,41.939995,43.477283,46.009888,40.542263,42.6751,43.429317,41.670048,45.766403,44.87337,44.24137,40.72084,38.745594,44.332363,42.0866,39.542034,44.64958,41.779053,41.759323,41.73399,42.03618,42.644264,41.425766,40.41082,42.086662,39.3186,39.525383,39.524426,39.219574,37.97201,37.972168,34.28269,32.315163,35.06535,44.924557,42.54002,50.238087,50.375458,47.385532,41.21819,47.22316,45.03129,42.707973,41.852234,0.0,0.0,6.4257965,7.632939,10.4608965,10,1
284400,28.668283,39.826923,10.563154,43.061016,6.6198215,7.9680805,65.829445,65.82912,65.82877,42.11045,41.097588,42.883442,44.65396,46.254406,46.74124,48.52484,45.58606,45.778164,48.96937,49.800903,50.65156,47.186604,46.65579,32.851353,34.3747,48.086628,40.266727,48.362045,50.952126,49.254814,43.91558,44.67622,39.341866,29.380804,45.056328,46.490673,46.60496,46.190514,46.190514,48.324112,48.778267,48.778416,48.155155,48.147575,44.435555,44.436584,44.435074,43.55165,41.715576,41.949707,43.471634,46.02024,40.465054,42.598473,43.35493,41.555874,45.74048,44.843025,44.21014,40.7206,38.718403,44.316017,42.05989,39.537445,44.665382,41.801777,41.778408,41.739605,42.040405,42.647682,41.42956,40.484913,42.160458,39.411587,39.649338,39.64873,39.343845,38.10715,38.107258,34.431664,32.533054,35.28696,44.829315,42.43352,50.099186,50.223946,47.409622,41.19705,47.23829,45.063377,42.68081,41.822285,0.0,0.0,6.6198215,7.9680805,10.56315,10,1
288000,28.781136,39.983685,10.662265,43.213787,6.7112164,8.12902,65.83913,65.83879,65.838455,42.470985,41.46746,43.19906,44.968163,46.61954,47.00364,48.76658,45.83914,46.010593,49.1191,49.98699,50.785797,47.316917,46.784492,32.961346,34.484795,48.197464,40.405132,48.518673,51.108887,49.41413,44.075336,44.836052,39.501343,29.540382,45.209805,46.64819,46.764606,46.350224,46.350224,48.48382,48.93778,48.937897,48.31191,48.304382,44.58784,44.588142,44.58778,43.70589,41.880325,42.113365,43.643974,46.185486,40.672493,42.805683,43.56113,41.7808,45.909866,45.01173,44.3782,40.889885,38.89002,44.503815,42.239315,39.73473,44.879128,42.02103,42.00032,41.968586,42.27011,42.877815,41.659496,40.703682,42.37938,39.625843,39.858555,39.857883,39.553013,38.314213,38.314327,34.635826,32.722496,35.474453,45.046986,42.655952,50.33511,50.46541,47.569386,41.37766,47.40173,45.217236,42.85231,41.991997,0.0,0.0,6.7112164,8.12902,10.662265,10,1
291600,28.660854,39.859688,10.775886,43.23306,6.849622,8.341714,65.81373,65.81339,65.81305,42.086716,41.07448,42.875153,44.647625,46.241188,46.771,48.57904,45.609272,45.791748,48.98043,49.81038,50.63593,46.974915,46.67863,32.9951,34.5183,48.230015,40.345097,48.394844,50.984886,49.278717,43.935917,44.695377,39.357662,29.396538,45.096294,46.571106,46.713215,46.304924,46.304924,48.438522,48.918583,48.918743,48.3131,48.30552,44.6098,44.61365,44.60707,43.723537,41.874172,42.10817,43.610023,46.1623,40.562138,42.695583,43.452274,41.633163,45.89826,45.00018,44.36665,40.86606,38.877857,44.506042,42.231743,39.748066,44.91174,42.06016,42.037434,41.996593,42.297184,42.904343,41.68628,40.78116,42.45666,39.712147,39.96455,39.964096,39.659206,38.427048,38.427135,34.756863,32.880894,35.63536,44.838993,42.443005,50.109646,50.232647,47.54123,41.3198,47.380295,45.231388,42.840202,41.980778,0.0,0.0,6.849622,8.341714,10.775886,10,1
295200,28.66458,39.803642,10.686547,43.222443,6.8407526,8.434094,65.80927,65.80894,65.80859,42.098618,41.08706,42.868874,44.64093,46.250137,46.75661,48.56502,45.59028,45.764008,48.92716,49.76772,50.571663,46.91495,46.61178,32.915604,34.438843,48.1507,40.27955,48.33878,50.928844,49.224373,43.882183,44.64183,39.304623,29.343342,45.05223,46.53962,46.6902,46.283676,46.283676,48.417267,48.904617,48.904774,48.30351,48.296112,44.59955,44.6037,44.596535,43.71387,41.874744,42.10347,43.59964,46.150005,40.54962,42.683014,43.439487,41.620403,45.93132,45.039017,44.40659,40.857674,38.911606,44.555653,42.27459,39.805336,44.982307,42.135197,42.11332,42.073845,42.374573,42.981815,41.76371,40.86563,42.54116,39.796856,40.05182,40.05138,39.7465,38.515015,38.515095,34.845516,32.972218,35.726307,44.806023,42.411453,50.082397,50.206768,47.52486,41.306686,47.367596,45.221107,42.87391,42.019894,0.0,0.0,6.8407526,8.434094,10.686547,10,1
298800,28.55935,36.03531,10.613747,43.1581,6.825995,8.521243,65.80036,65.80002,65.799675,41.76224,40.742687,42.5766,44.35078,45.914246,46.527893,48.366123,45.365704,45.5516,48.774643,49.58957,50.44708,46.79498,46.490868,32.81687,34.338852,48.049892,39.558876,47.174652,48.545403,48.193996,42.95082,43.752544,38.84794,28.893484,44.913094,46.420166,46.58481,46.18173,46.181725,48.31532,48.817486,48.817677,48.228485,48.22102,44.537365,44.544285,44.53205,43.64968,41.7926,42.022503,43.501617,46.059628,40.401424,42.534966,43.292347,41.44749,45.84155,44.948227,44.315346,40.765656,38.82203,44.48591,42.191776,39.750412,44.953094,42.11466,42.091732,42.044495,42.344418,42.951195,41.733307,40.885277,42.560635,39.81889,40.090103,40.089832,39.78494,38.55855,38.55861,34.89499,33.043472,35.7997,44.602917,42.20445,49.86533,49.984188,47.4326,41.193573,47.27826,45.153614,42.78431,41.929714,0.0,0.0,6.825995,8.521243,10.613751,10,1
302400,28.561094,35.961132,10.501907,43.095314,6.740061,8.497472,65.79381,65.793465,65.79311,41.767822,40.74862,42.55535,44.32855,45.912937,46.488876,48.32245,45.322422,45.49933,48.693016,49.521034,50.356655,46.706684,46.39836,32.713856,34.235886,47.94716,39.472507,47.099335,48.471226,48.120407,42.877808,43.67969,38.773914,28.819319,44.8366,46.35051,46.51965,46.117416,46.117413,48.251003,48.756622,48.756794,48.16935,48.16211,44.47374,44.479614,44.469315,43.586407,41.745144,41.968655,43.445053,46.000153,40.35068,42.48417,43.24124,41.40054,45.834427,44.948616,44.31749,40.71005,38.814774,44.48247,42.189415,39.745743,44.946293,42.10713,42.08467,42.03961,42.339764,42.946674,41.72872,40.871487,42.546894,39.804726,40.073185,40.072887,39.767994,38.54073,38.54079,34.87615,33.02144,35.77707,44.54561,42.14884,49.81444,49.93539,47.37064,41.13703,47.21849,45.091885,42.7771,41.929836,0.0,0.0,6.740061,8.497472,10.501907,10,1
306000,28.60376,35.934864,10.401876,43.063656,6.6783204,8.49696,65.78863,65.78828,65.78793,41.904236,40.888664,42.640133,44.411324,46.040882,46.52801,48.347126,45.353477,45.51363,48.637688,49.495934,50.285606,46.63691,46.324833,32.62643,34.14857,47.860428,39.420284,47.070023,48.44496,48.09446,42.852463,43.654358,38.74184,28.787024,44.788055,46.31057,46.485153,46.083805,46.083805,48.217403,48.726402,48.72655,48.13969,48.132553,44.439735,44.44304,44.437447,43.551838,41.723125,41.943638,43.42388,45.97376,40.351994,42.485336,43.241653,41.413876,45.830116,44.946503,44.31559,40.687527,38.811653,44.48904,42.191925,39.756916,44.965454,42.128956,42.108227,42.068756,42.36948,42.976727,41.75862,40.888737,42.564262,39.82153,40.08636,40.086025,39.781143,38.55255,38.55262,34.886284,33.02564,35.779728,44.547356,42.154633,49.831715,49.957344,47.33942,41.12051,47.19103,45.060646,42.77384,41.928047,0.0,0.0,6.6783204,8.49696,10.40188,10,1
309600,28.685987,35.956398,10.321156,43.099133,6.678516,8.538301,65.78509,65.784744,65.78439,42.167038,41.15831,42.83408,44.602516,46.296165,46.65447,48.455704,45.4679,45.60698,48.61587,49.520126,50.23688,46.58933,46.27446,32.561428,34.083733,47.7964,39.404995,47.08699,48.4665,48.11626,42.87497,43.6768,38.753456,28.798267,44.7809,46.322575,46.509598,46.110542,46.110542,48.244137,48.762253,48.762375,48.179005,48.172134,44.473495,44.47479,44.472767,43.586414,41.780186,41.993286,43.475002,46.0162,40.43163,42.564663,43.31981,41.50875,45.93279,45.05673,44.42733,40.738125,38.915363,44.601078,42.30321,39.869797,45.0798,42.24377,42.22522,42.193478,42.495007,43.10271,41.88439,40.988186,42.663883,39.917656,40.173325,40.17288,39.868015,38.63623,38.63631,34.96599,33.088623,35.840576,44.616768,42.230705,49.92799,50.060043,47.372425,41.17571,47.23093,45.097084,42.87743,42.03829,0.0,0.0,6.678516,8.538301,10.321156,10,1
313200,1.6024463,35.48322,10.272484,42.480644,6.7482743,8.657936,65.747665,65.74731,65.74695,33.607933,33.296955,37.94878,39.925854,40.215218,43.41208,45.849323,42.364056,43.051666,47.88496,48.076385,49.720245,46.08531,45.813457,32.338123,33.860237,47.573696,39.03669,46.608868,47.993313,47.613464,42.351997,43.145134,38.13135,28.181835,44.042484,45.572433,45.750736,45.358536,45.358536,47.492138,48.04869,48.04879,47.528477,47.522133,43.868126,43.883755,43.854176,42.96934,41.063244,41.245285,42.51443,45.172806,38.800564,40.95056,41.723892,39.41953,45.40745,44.54665,43.917458,39.852394,38.39385,44.20695,41.83631,39.55816,44.9113,42.123375,42.112095,42.08785,42.390152,42.998306,41.779774,40.98382,42.659687,39.91783,40.208736,40.20863,39.903778,38.681805,38.681828,35.022106,33.184418,35.934307,42.3549,39.84107,47.18825,47.15934,46.6394,40.032394,46.43693,44.468967,42.35506,41.532074,0.0,0.0,6.7482743,8.657936,10.272489,10,1
316800,1.5339016,38.806816,10.039015,42.354675,6.397198,8.616172,65.740005,65.73965,65.73928,33.53933,33.227795,37.877995,39.8539,40.14526,43.329613,45.764008,42.289318,42.980885,47.8117,48.001625,49.615307,45.982162,45.694218,32.157906,33.680996,47.394672,39.385735,47.341625,49.932014,48.201996,42.8446,43.598396,38.22247,28.267672,43.96,45.476723,45.64576,45.251556,45.251556,47.385155,47.933243,47.933323,47.407124,47.40085,43.73836,43.74992,43.728195,42.835907,40.94878,41.12905,42.406696,45.05926,38.705765,40.854885,41.62802,39.32814,45.303368,44.4443,43.814907,39.741665,38.290497,44.115734,41.73653,39.476643,44.846622,42.06435,42.054256,42.03213,42.334652,42.942932,41.724346,40.93548,42.61139,39.869774,40.163235,40.163155,39.858303,38.636932,38.63695,34.97779,33.14176,35.891068,42.282444,39.768913,47.117363,47.088398,46.5268,39.931282,46.32182,44.34431,42.251476,41.431465,0.0,0.0,6.397198,8.616172,10.03902,10,1
320400,1.4321358,38.655262,9.844701,42.192177,6.117885,8.565012,65.728546,65.72819,65.72782,33.437477,33.125397,37.770645,39.745613,40.041706,43.213383,45.643684,42.17646,42.86087,47.65748,47.859287,49.456524,45.827904,45.530937,31.976404,33.49955,47.213493,39.22225,47.19003,49.78046,48.05232,42.69533,43.449203,38.072227,28.11758,43.805748,45.321922,45.490307,45.095825,45.095825,47.229416,47.776035,47.77611,47.24787,47.2417,43.574036,43.583557,43.565712,42.67043,40.801098,40.97909,42.263313,44.909313,38.57542,40.723404,41.496025,39.2018,45.16861,44.311886,43.68226,39.595966,38.157154,44.00039,41.61029,39.373653,44.765064,41.98999,41.981358,41.961758,42.264538,42.872967,41.654312,40.87472,42.55069,39.809612,40.106373,40.10632,39.801476,38.580875,38.58089,34.92246,33.08817,35.836773,42.15372,39.642086,46.997475,46.96913,46.37023,39.792816,46.168236,44.18275,42.117607,41.30176,0.0,0.0,6.117885,8.565012,9.844706,10,1
324000,1.445907,38.5488,9.6608515,42.092743,5.882941,8.497592,65.71911,65.71875,65.718376,33.45126,33.13813,37.774036,39.747787,40.051388,43.204002,45.6243,42.168434,42.83132,47.54499,47.775238,49.328037,45.700794,45.395603,31.812754,33.336002,47.050426,39.092976,47.08348,49.674004,47.949482,42.593296,43.347332,37.96845,28.01393,43.698853,45.22182,45.394306,45.000347,45.000347,47.133945,47.68209,47.682148,47.1524,47.146374,43.47238,43.479393,43.46627,42.56841,40.724968,40.90053,42.197132,44.831566,38.535625,40.68153,41.453,39.170795,45.10646,44.25293,43.623745,39.52543,38.096344,43.94607,41.55383,39.32176,44.71737,41.9437,41.936394,41.92142,42.224678,42.83338,41.614594,40.82461,42.500683,39.757915,40.051838,40.05175,39.74692,38.525375,38.525394,34.86582,33.0296,35.77693,42.10303,39.596035,46.968353,46.94167,46.276134,39.735085,46.082943,44.084465,42.056213,41.243645,0.0,0.0,5.882941,8.497592,9.6608515,10,1
327600,1.301302,38.3984,9.494616,41.944702,5.71071,8.486873,65.70856,65.70818,65.70782,33.306526,32.99334,37.62887,39.602604,39.906506,43.058914,45.479107,42.023186,42.68556,47.398056,47.62871,49.18088,45.558678,45.245922,31.65315,33.176407,46.890835,38.938705,46.933075,49.523598,47.79993,42.44421,43.19843,37.820766,27.866192,43.55226,45.07569,45.2485,44.854603,44.854603,46.988205,47.536617,47.53668,47.00721,47.00132,43.3239,43.330364,43.3183,42.41982,40.587315,40.758507,42.05238,44.685444,38.390358,40.536175,41.307636,39.025578,44.99501,44.145824,43.51705,39.381638,37.98619,43.858494,41.455746,39.24609,44.662373,41.89565,41.88915,41.87417,42.177425,42.78613,41.567345,40.793716,42.469788,39.72847,40.027706,40.02767,39.72284,38.502716,38.502728,34.844666,33.011776,35.759106,41.95698,39.450058,46.822605,46.795948,46.130577,39.589443,45.936996,43.93726,41.945446,41.139256,0.0,0.0,5.71071,8.486873,9.49462,10,1
331200,0.7889751,38.11313,9.334523,41.660637,5.5517383,8.421667,65.69129,65.69092,65.690544,32.793747,32.482285,37.139095,39.11606,39.400383,42.598362,45.03561,41.554314,42.25684,47.131203,47.30628,48.944073,45.326183,45.018234,31.464367,32.98743,46.700768,38.691364,46.648003,49.238327,47.509304,42.153114,42.90744,37.536648,27.58152,43.276855,44.790493,44.95775,44.563354,44.563354,46.69695,47.244614,47.244717,46.720287,46.71446,43.04077,43.0486,43.034184,42.13467,40.275658,40.440838,41.701824,44.354996,37.986534,40.136517,40.91029,38.60553,44.722385,43.878254,43.250534,39.042656,37.712337,43.60658,41.194157,39.005142,44.44046,41.680157,41.67157,41.64624,41.948425,42.55651,41.33801,40.59304,42.268883,39.540405,39.845264,39.845272,39.540424,38.32181,38.32181,34.66578,32.85334,35.60353,41.569675,39.053738,46.393234,46.36358,45.838108,39.217888,45.624603,43.652252,41.67233,40.873226,0.0,0.0,5.5517383,8.421667,9.334523,10,1
334800,0.3770235,37.846134,9.14912,41.34129,5.3303657,8.158385,65.67415,65.673775,65.673386,32.381413,32.070244,36.745045,38.723824,38.989113,42.217617,44.657196,41.167564,41.897152,46.866894,47.009853,48.705997,45.09534,44.786522,31.259449,32.78239,46.49506,38.44895,46.381126,48.971333,47.238632,41.881783,42.636017,37.267673,27.312428,42.998722,44.494274,44.64977,44.25323,44.25323,46.386826,46.926308,46.926434,46.39949,46.393524,42.722218,42.73108,42.714844,41.81664,39.933403,40.100655,41.352123,44.01447,37.62074,39.773094,40.548046,38.2356,44.36819,43.52083,42.892475,38.69631,37.35704,43.249798,40.836567,38.649277,44.08618,41.326424,41.31599,41.284256,41.58578,42.19349,40.975166,40.237972,41.913673,39.191277,39.49739,39.497437,39.19257,37.975105,37.975098,34.32123,32.527172,35.27913,41.234737,38.713463,46.033268,46.00197,45.522125,38.85876,45.294556,43.332462,41.317528,40.51582,0.0,0.0,5.3303657,8.158385,9.149125,10,1
338400,0.36984253,34.855885,9.205234,41.498627,5.259505,7.9168143,63.689583,92.07502,92.07502,32.374226,32.062664,36.824802,38.804977,38.982426,42.300343,44.755592,41.278233,42.178078,47.61902,47.610584,49.687263,46.75863,45.61628,31.592121,33.11412,46.824776,38.360603,45.997135,47.36598,47.021713,41.78349,42.587433,37.708046,27.75962,43.625614,44.95023,44.990574,44.57122,44.571217,46.70481,47.15204,47.15223,46.575844,46.569157,42.874016,42.8768,42.87228,41.961678,40.02379,40.205692,41.464092,44.15072,37.718918,39.87919,40.65913,38.329723,44.37358,43.50778,42.877937,38.80584,37.35522,43.17439,40.796898,38.53336,43.899963,41.11664,41.098843,41.04786,41.3474,41.953953,40.736168,40.002575,41.677856,38.96089,39.265457,39.26546,38.960556,37.741856,37.741856,34.086044,32.27744,35.034702,41.6393,39.09064,46.3112,46.2696,45.776836,38.978607,45.469074,43.4951,41.317513,40.492977,0.0,0.0,5.259505,7.9168143,9.205234,10,1
342000,-0.6076187,34.504543,9.403486,41.012638,5.0991426,7.571273,63.683025,92.031166,92.031166,31.395752,31.08498,35.930508,37.911945,38.012817,41.545483,44.04641,40.50739,41.4909,47.376713,47.217625,49.56252,46.633022,45.54527,31.697134,33.21835,46.92506,38.20125,45.662254,47.014637,46.661297,41.413536,42.21473,37.34748,27.400833,43.324074,44.571518,44.561913,44.133453,44.133446,46.26704,46.678474,46.678818,46.08784,46.08066,42.38856,42.39247,42.38628,41.45903,39.422432,39.606335,40.823486,43.592632,37.022377,39.20404,39.989223,37.61254,43.767654,42.89314,42.263092,38.179752,36.74131,42.531914,40.169327,37.87399,43.211292,40.41819,40.388916,40.300423,40.596096,41.200417,39.983665,39.288723,40.963173,38.27649,38.58358,38.58367,38.278687,37.063416,37.06341,33.414684,31.670702,34.438313,41.06467,38.490482,45.619995,45.56733,45.314156,38.39743,44.952988,43.008385,40.70445,39.87594,0.0,0.0,5.0991426,7.571273,9.403486,10,1
345600,0.18486314,29.238775,9.510079,41.268707,4.798761,6.998307,63.73877,92.40477,92.40477,32.189068,31.87536,36.70461,38.684013,38.794662,42.127705,44.579742,41.15369,42.221836,48.04767,47.91672,50.31859,47.701546,46.184917,31.975172,33.495487,47.205315,37.860023,44.859432,44.154102,46.143887,41.09059,41.971256,37.806126,27.868547,43.922752,45.065964,44.98303,44.538788,44.538788,46.672382,47.017975,47.018204,46.383133,46.37599,42.639675,42.63816,42.64228,41.723988,39.784794,39.97775,41.266197,43.957146,37.538963,39.702625,40.486164,38.151215,44.07287,43.195988,42.566795,38.597363,37.04669,42.75494,40.442577,38.040104,43.278633,40.452286,40.427795,40.368935,40.667664,41.27375,40.056183,39.267773,40.942875,38.210445,38.49949,38.499393,38.194473,36.973114,36.97314,33.314552,31.470716,34.230152,41.78456,39.213448,46.35257,46.3026,45.675182,38.79658,45.296844,43.275394,41.009758,40.177494,0.0,0.0,4.798761,6.998307,9.510075,10,1
349200,28.086954,29.48664,9.763274,42.083508,4.9098377,6.8194575,63.780888,92.68847,92.68847,40.250134,39.164528,41.641247,43.405666,44.366608,45.614544,47.471485,44.65513,45.349606,49.031666,49.64111,51.144382,48.510254,46.907604,32.382614,33.902275,47.606014,38.180077,45.143528,44.401966,46.43793,41.41491,42.311028,38.373093,28.430782,44.894558,46.028328,45.943024,45.49154,45.49154,47.625126,47.92825,47.9287,47.224483,47.216145,43.448685,43.442932,43.45724,42.563503,40.69223,40.944855,42.52222,45.09708,39.491947,41.630447,42.393414,40.526134,44.628033,43.723408,43.09228,39.751667,37.57872,43.04985,40.852463,38.204704,43.217113,40.31492,40.266994,40.1502,40.442955,41.045578,39.829613,39.02703,40.700855,37.98149,38.258698,38.258537,37.9535,36.73085,36.730892,33.07176,31.214437,33.98986,44.463573,42.035378,49.63113,49.69619,46.608482,40.28162,46.33047,44.09868,41.547485,40.692574,0.0,0.0,4.9098377,6.8194575,9.763265,10,1
352800,28.593426,30.58815,10.102439,42.983288,5.3009024,6.539926,63.821926,92.96616,92.96616,41.8712,40.836185,43.039036,44.80926,46.039906,46.927032,48.68842,45.90719,46.41367,49.93099,50.584984,51.9503,49.29952,47.64459,32.87054,34.391243,48.100002,39.019543,46.216045,45.503483,47.56074,42.553406,43.45352,39.48086,29.536089,45.81157,46.963898,46.888,46.434475,46.434475,48.568066,48.860664,48.860928,48.14222,48.133923,44.343044,44.331795,44.357044,43.46432,41.62264,41.876804,43.49081,46.054695,40.560825,42.69508,43.455505,41.67152,45.55651,44.649536,44.018837,40.70736,38.499416,43.822304,41.71287,38.877476,43.71691,40.756393,40.71451,40.645523,40.943207,41.548687,40.331398,39.23596,40.910835,38.156567,38.338852,38.337734,38.032787,36.781475,36.781673,33.09091,31.132954,33.895187,45.493847,43.07865,50.70104,50.791454,47.54514,41.274727,47.27944,45.00358,42.470512,41.610332,0.0,0.0,5.3009024,6.539926,10.102429,10,1
356400,28.699987,30.991953,10.509679,43.366226,5.813029,6.769214,63.84117,93.09683,93.09683,42.211758,41.185387,43.41076,45.182884,46.406555,47.30721,49.069576,46.28746,46.79362,50.310745,50.9647,52.328728,49.670147,48.028046,33.26969,34.790413,48.499355,39.421173,46.618637,45.90728,47.962948,42.95452,43.854095,39.87355,29.928804,46.191277,47.34329,47.267044,46.813385,46.813385,48.946983,49.23898,49.239243,48.519516,48.51103,44.727837,44.718216,44.739983,43.84902,41.99426,42.254826,43.871044,46.43528,40.942665,43.076893,43.837257,42.053192,45.887215,44.973095,44.340878,41.08681,38.830734,44.13781,42.034977,39.18549,44.011936,41.047043,41.005253,40.938004,41.235867,41.84145,40.624115,39.510483,41.185402,38.42821,38.60337,38.60218,38.297237,37.04362,37.04383,33.350277,31.379679,34.141434,45.872967,43.457607,51.07999,51.169777,47.923683,41.655354,47.659485,45.384983,42.80145,41.933937,0.0,0.0,5.813024,6.769214,10.5096655,10,1
360000,28.842606,30.35801,10.440776,42.79878,5.971564,6.835652,65.81828,65.81794,65.817604,42.6673,41.66801,43.25051,45.0122,46.776573,46.904167,48.608208,45.72713,45.87222,48.796993,49.74833,50.496662,47.036232,46.50319,32.711098,34.232224,47.946064,38.812027,45.943817,45.27334,47.24573,42.18231,43.05608,38.752224,28.805477,44.877434,46.299408,46.403427,45.98554,45.98554,48.11914,48.557537,48.557617,47.916203,47.908848,44.171158,44.17011,44.17271,43.29712,41.49961,41.72919,43.290928,45.81553,40.415554,42.5481,43.301346,41.57241,45.554638,44.662254,44.031128,40.52588,38.531067,44.06082,41.84892,39.232124,44.27308,41.38012,41.360275,41.339684,41.642357,42.250732,41.032097,39.93363,41.609577,38.81847,38.98629,38.984905,38.68006,37.41937,37.419594,33.713608,31.661554,34.41043,44.877827,42.49738,50.206165,50.349174,47.194756,41.05071,47.026653,44.807632,42.493587,41.638306,0.0,0.0,5.971564,6.835652,10.440776,10,1
363600,28.715818,36.126934,10.510907,42.807827,6.2587743,7.313865,65.803185,65.80284,65.80249,42.26235,41.253338,42.924706,44.6903,46.379387,46.681335,48.42724,45.513206,45.67658,48.734425,49.62757,50.425426,46.8329,46.463024,32.75053,34.272835,47.985756,39.583187,47.25601,48.637028,48.282486,43.038326,43.838863,38.900196,28.946487,44.82271,46.257294,46.37088,45.955677,45.955677,48.08927,48.539566,48.539673,47.909977,47.902477,44.181824,44.181892,44.181828,43.301537,41.48129,41.7143,43.25259,45.789833,40.305454,42.4385,43.193386,41.42726,45.514027,44.618004,43.985786,40.495796,38.4912,44.05311,41.819614,39.248886,44.332314,41.45369,41.431896,41.402565,41.704338,42.312183,41.0938,40.072327,41.748074,38.98227,39.187653,39.18669,38.88183,37.634254,37.63442,33.945274,31.981527,34.73282,44.706165,42.318043,50.00475,50.13916,47.172512,40.992878,47.004993,44.812428,42.453644,41.595715,0.0,0.0,6.2587743,7.313865,10.510907,10,1
367200,28.809752,36.26347,10.46057,43.026276,6.425475,7.6327295,65.82398,65.82365,65.8233,42.56239,41.56132,43.205193,44.970524,46.68987,46.93481,48.674225,45.75903,45.90896,48.902004,49.8209,50.57574,47.113,46.57342,32.75103,34.273506,47.98685,39.662155,47.389885,48.773567,48.427692,43.189823,43.992752,39.07004,29.115486,45.002037,46.452232,46.57609,46.162884,46.162884,48.296482,48.75489,48.754986,48.129112,48.12175,44.40004,44.40003,44.400173,43.52076,41.710625,41.939693,43.476986,46.009583,40.541965,42.6748,43.42902,41.669754,45.7661,44.87308,44.241077,40.720543,38.745296,44.332077,42.08631,39.541763,44.64932,41.778797,41.759068,41.733734,42.03592,42.64401,41.425507,40.410572,42.08642,39.31836,39.525143,39.524185,39.219334,37.971775,37.97193,34.282455,32.314938,35.06513,44.92427,42.539734,50.237804,50.37517,47.38523,41.21789,47.22286,45.030983,42.70768,41.85194,0.0,0.0,6.425475,7.6327295,10.46057,10,1
370800,28.668207,39.826626,10.562834,43.060715,6.61951,7.9678526,65.82943,65.829094,65.82876,42.110226,41.09735,42.883175,44.653694,46.254154,46.74096,48.52455,45.585777,45.77788,48.969078,49.800613,50.651268,47.18632,46.65549,32.85104,34.374393,48.08632,40.266422,48.361748,50.951824,49.254517,43.91528,44.675922,39.341568,29.380507,45.05603,46.490376,46.604664,46.190212,46.190212,48.32381,48.777966,48.77811,48.154846,48.147274,44.435253,44.43628,44.43477,43.55135,41.71528,41.94941,43.471336,46.01994,40.464764,42.59818,43.354633,41.555584,45.74019,44.84273,44.209854,40.720303,38.71811,44.31574,42.059605,39.53717,44.665123,41.801517,41.77815,41.739346,42.040146,42.647427,41.429302,40.48467,42.16021,39.411343,39.649094,39.648487,39.343605,38.10691,38.10702,34.431427,32.53282,35.286728,44.829025,42.43323,50.0989,50.223663,47.40932,41.19675,47.237988,45.063076,42.68052,41.821987,0.0,0.0,6.61951,7.9678526,10.562834,10,1
374400,28.781067,39.983395,10.661959,43.2135,6.7109137,8.1287775,65.8391,65.83877,65.83844,42.470768,41.467236,43.198803,44.9679,46.6193,47.003365,48.766304,45.838875,46.01032,49.11881,49.986713,50.785515,47.316643,46.784203,32.96104,34.484493,48.197166,40.40484,48.518383,51.108597,49.41385,44.07505,44.83577,39.501057,29.540092,45.20952,46.64791,46.764324,46.349934,46.349934,48.483532,48.93749,48.937614,48.311623,48.3041,44.587547,44.58785,44.58749,43.7056,41.88004,42.11308,43.64369,46.185196,40.672215,42.8054,43.560844,41.780518,45.909584,45.011448,44.377914,40.8896,38.889736,44.503536,42.239037,39.73446,44.878864,42.020763,42.00006,41.96832,42.269848,42.877556,41.659233,40.703423,42.379124,39.625587,39.858303,39.857624,39.55276,38.31396,38.31408,34.635574,32.722248,35.474205,45.04671,42.65568,50.334835,50.465137,47.569096,41.37737,47.40144,45.216946,42.852024,41.991714,0.0,0.0,6.7109137,8.1287775,10.661954,10,1
378000,28.660786,39.859398,10.775584,43.232765,6.8493237,8.341462,65.813705,65.81337,65.81303,42.086494,41.074245,42.874893,44.647366,46.24094,46.77073,48.578762,45.608994,45.791477,48.980145,49.810097,50.63564,46.974636,46.678345,32.9948,34.518,48.22972,40.34481,48.394554,50.984596,49.278427,43.93563,44.69509,39.357376,29.396255,45.09601,46.570816,46.71292,46.304638,46.304634,48.438232,48.918297,48.918453,48.31281,48.30523,44.60951,44.613358,44.606777,43.723248,41.873886,42.10788,43.609737,46.16201,40.56185,42.6953,43.451992,41.63288,45.89797,44.99989,44.36636,40.86577,38.87757,44.50576,42.231457,39.74779,44.911472,42.05989,42.037167,41.996326,42.296913,42.904076,41.68601,40.7809,42.456398,39.711887,39.964294,39.963833,39.658947,38.426792,38.426876,34.756603,32.88064,35.6351,44.838715,42.44273,50.10937,50.232372,47.54093,41.31951,47.379997,45.2311,42.839912,41.98049,0.0,0.0,6.8493237,8.341462,10.775584,10,1
381600,28.66451,39.803364,10.6862545,43.22216,6.840469,8.433834,65.80925,65.80891,65.80857,42.0984,41.08683,42.868626,44.64068,46.249897,46.756344,48.564743,45.590015,45.763733,48.92688,49.767445,50.571377,46.91468,46.611496,32.915314,34.438557,48.150414,40.279266,48.3385,50.928566,49.224094,43.8819,44.641552,39.30434,29.343058,45.05195,46.539333,46.689922,46.28339,46.28339,48.41699,48.904335,48.904488,48.30323,48.295834,44.599262,44.603416,44.596252,43.713585,41.874466,42.103188,43.599354,46.14972,40.549347,42.682735,43.439213,41.620132,45.931038,45.03874,44.40631,40.85739,38.911324,44.555374,42.27431,39.80506,44.98204,42.13493,42.113052,42.073574,42.374306,42.98155,41.76344,40.865364,42.540894,39.79659,40.05155,40.051117,39.74624,38.51475,38.514828,34.845253,32.971954,35.726044,44.80575,42.411182,50.082134,50.206497,47.524574,41.306408,47.36731,45.22082,42.873627,42.01961,0.0,0.0,6.840469,8.433834,10.6862545,10,1
385200,28.55928,36.035038,10.613468,43.157825,6.825716,8.520972,65.80035,65.8,65.79966,41.76203,40.74247,42.57636,44.350536,45.91402,46.527634,48.36586,45.365448,45.551342,48.774376,49.589306,50.446808,46.79472,46.4906,32.816593,34.338573,48.049614,39.55861,47.174385,48.54513,48.193718,42.950542,43.752277,38.847668,28.893217,44.912823,46.419895,46.58454,46.181454,46.181454,48.31505,48.81722,48.8174,48.22821,48.220753,44.537094,44.54401,44.531776,43.64941,41.792328,42.022232,43.501347,46.059353,40.40116,42.534702,43.292076,41.447227,45.841278,44.947956,44.315075,40.765385,38.821754,44.48564,42.1915,39.750145,44.952824,42.11439,42.091465,42.044224,42.34415,42.950928,41.733036,40.88501,42.560368,39.81862,40.089832,40.089573,39.78467,38.558285,38.558342,34.894722,33.043205,35.799435,44.602657,42.204193,49.865074,49.983932,47.43233,41.193302,47.277985,45.15334,42.78404,41.929443,0.0,0.0,6.825716,8.520972,10.613468,10,1
388800,28.561028,35.96087,10.501633,43.095047,6.7397866,8.497202,65.79379,65.79344,65.7931,41.767612,40.74841,42.555115,44.328312,45.912704,46.488625,48.322197,45.32217,45.49907,48.692757,49.52077,50.3564,46.706425,46.398098,32.71359,34.23562,47.946884,39.47224,47.09907,48.47096,48.120144,42.877544,43.679424,38.77365,28.819052,44.83634,46.350243,46.519382,46.117146,46.117146,48.25074,48.756355,48.75653,48.169086,48.16184,44.47347,44.479343,44.469048,43.586136,41.744873,41.968384,43.444782,45.99989,40.350414,42.483906,43.240982,41.40028,45.834164,44.948345,44.31722,40.709778,38.814507,44.4822,42.189144,39.745476,44.94603,42.106865,42.0844,42.039345,42.339497,42.946404,41.72845,40.87122,42.546623,39.804462,40.072914,40.072624,39.767727,38.540466,38.540524,34.87588,33.021175,35.776802,44.545353,42.14859,49.81419,49.935135,47.37037,41.13677,47.21822,45.09161,42.776833,41.929565,0.0,0.0,6.7397866,8.497202,10.501633,10,1
392400,28.603699,35.934605,10.401611,43.06338,6.678056,8.49669,65.78861,65.78826,65.78791,41.904037,40.888454,42.639904,44.41109,46.040657,46.52776,48.346867,45.353233,45.513382,48.637432,49.495674,50.285343,46.636658,46.324577,32.626167,34.148308,47.860165,39.420025,47.06976,48.444702,48.094196,42.852203,43.6541,38.741577,28.786762,44.787796,46.310307,46.48489,46.08354,46.083538,48.21714,48.726135,48.726288,48.139423,48.13229,44.43947,44.442776,44.43718,43.551567,41.722862,41.94337,43.42362,45.973495,40.35173,42.48508,43.24139,41.41362,45.829853,44.946236,44.31532,40.68726,38.811382,44.48877,42.191658,39.756653,44.965187,42.128693,42.107964,42.068485,42.369217,42.97646,41.75835,40.888466,42.563995,39.821266,40.086098,40.085754,39.780876,38.552284,38.55235,34.886017,33.025368,35.77946,44.547104,42.154385,49.831467,49.957092,47.339157,41.120247,47.190765,45.06037,42.77357,41.927784,0.0,0.0,6.678056,8.49669,10.401611,10,1
396000,28.685926,35.956142,10.320895,43.098873,6.6782556,8.538032,65.78507,65.78473,65.78438,42.16684,41.158108,42.83385,44.60229,46.29595,46.654224,48.45546,45.46766,45.606735,48.615616,49.51988,50.23662,46.58908,46.274204,32.56117,34.08347,47.79614,39.404736,47.086735,48.46624,48.11601,42.874706,43.676548,38.7532,28.798012,44.780643,46.32232,46.50934,46.110287,46.110287,48.24388,48.761993,48.76212,48.178745,48.17187,44.473236,44.474525,44.472507,43.58615,41.779926,41.993027,43.474743,46.01594,40.431377,42.564404,43.319553,41.508495,45.93253,45.056465,44.427067,40.737865,38.915108,44.60081,42.30295,39.869534,45.07954,42.243507,42.224957,42.19322,42.494743,43.102444,41.884125,40.98792,42.663616,39.91739,40.173058,40.17262,39.86775,38.635963,38.636044,34.96572,33.088356,35.840313,44.616524,42.230457,49.927746,50.059803,47.37216,41.175453,47.230667,45.09682,42.877167,42.038025,0.0,0.0,6.6782556,8.538032,10.320895,10,1
399600,1.6022046,35.482975,10.272233,42.480396,6.748014,8.657671,65.74765,65.74729,65.74693,33.607693,33.296715,37.94854,39.925613,40.21498,43.411835,45.849083,42.363815,43.05143,47.88472,48.07615,49.72001,46.085087,45.81322,32.337875,33.859993,47.57345,39.036446,46.60863,47.993076,47.613224,42.351757,43.1449,38.131115,28.181599,44.042248,45.572193,45.750496,45.35829,45.35829,47.491898,48.048447,48.048542,47.528236,47.521885,43.867878,43.88351,43.85393,42.969097,41.063004,41.24504,42.51419,45.172565,38.800323,40.950317,41.723648,39.419285,45.407207,44.5464,43.91721,39.85215,38.393604,44.2067,41.836056,39.557907,44.91104,42.12312,42.111835,42.087593,42.389893,42.998043,41.779514,40.983562,42.659428,39.91757,40.20847,40.208366,39.90352,38.681545,38.68157,35.021847,33.184155,35.934044,42.354664,39.84083,47.188015,47.1591,46.639156,40.03215,46.43669,44.46872,42.354813,41.531826,0.0,0.0,6.748014,8.657671,10.272238,10,1
403200,1.5336598,38.80658,10.038768,42.35443,6.3969426,8.6159115,65.73999,65.73963,65.739265,33.53909,33.227554,37.877754,39.853664,40.145023,43.329376,45.76377,42.289085,42.980644,47.811462,48.00139,49.61507,45.981937,45.69398,32.15766,33.68075,47.39443,39.38549,47.341393,49.931778,48.20176,42.844368,43.598164,38.222233,28.26744,43.959763,45.476486,45.645523,45.251324,45.251324,47.384914,47.933,47.93308,47.40688,47.400608,43.73812,43.749676,43.72795,42.835667,40.948536,41.128807,42.406456,45.059013,38.705524,40.85465,41.62778,39.327904,45.303123,44.444054,43.81466,39.741425,38.290253,44.115486,41.736282,39.476395,44.84637,42.064102,42.054005,42.03188,42.3344,42.942677,41.72409,40.93522,42.611134,39.869522,40.16298,40.162895,39.85805,38.636677,38.636696,34.97753,33.141506,35.89081,42.282215,39.76868,47.117126,47.08816,46.526558,39.93104,46.321575,44.344067,42.251236,41.431217,0.0,0.0,6.3969426,8.6159115,10.038768,10,1
406800,1.4319031,38.655033,9.84446,42.191933,6.117634,8.564761,65.72854,65.728165,65.727806,33.43725,33.12516,37.770412,39.74538,40.041466,43.213146,45.643444,42.176224,42.860634,47.657246,47.859055,49.456295,45.827686,45.53071,31.976168,33.499313,47.21325,39.22201,47.189796,49.780235,48.05209,42.6951,43.448975,38.071995,28.117348,43.805515,45.321686,45.49007,45.09559,45.09559,47.229187,47.7758,47.775875,47.24763,47.241463,43.5738,43.583313,43.565475,42.670193,40.80086,40.978855,42.263073,44.909077,38.575184,40.723164,41.495785,39.201565,45.168365,44.311646,43.682014,39.59573,38.156914,44.00015,41.61005,39.37341,44.76482,41.989742,41.98111,41.961514,42.26429,42.872723,41.65406,40.87447,42.550438,39.80936,40.10612,40.106068,39.801228,38.580624,38.58064,34.92221,33.087917,35.836525,42.153492,39.641853,46.997242,46.968895,46.369995,39.79258,46.168,44.182514,42.11737,41.30152,0.0,0.0,6.117634,8.564761,9.84446,10,1
410400,1.4456744,38.548573,9.66061,42.092506,5.8826947,8.497346,65.71909,65.71873,65.71836,33.451027,33.137897,37.773808,39.747555,40.05116,43.20377,45.62406,42.168205,42.83109,47.544758,47.775005,49.327812,45.700565,45.39538,31.812517,33.335762,47.05019,39.092743,47.083252,49.673775,47.94925,42.593067,43.347103,37.96822,28.0137,43.698627,45.221584,45.39407,45.00011,45.00011,47.13371,47.681854,47.68191,47.152164,47.146137,43.47215,43.479153,43.466034,42.568176,40.72473,40.90029,42.1969,44.831326,38.53539,40.681297,41.452766,39.170563,45.10622,44.252697,43.62351,39.525192,38.096107,43.945827,41.553593,39.321514,44.71713,41.943455,41.936153,41.921177,42.22443,42.833138,41.614353,40.824368,42.500435,39.757675,40.05159,40.051506,39.746674,38.52513,38.525146,34.865574,33.029354,35.776684,42.102802,39.59581,46.96813,46.941437,46.275898,39.734848,46.082706,44.08423,42.055977,41.243404,0.0,0.0,5.8826947,8.497346,9.660615,10,1
414000,1.301074,38.398174,9.494383,41.94447,5.7104726,8.486635,65.70854,65.708176,65.7078,33.3063,32.99311,37.628643,39.60238,39.906277,43.058685,45.47888,42.02296,42.68533,47.39784,47.628487,49.180653,45.558464,45.245697,31.652922,33.176178,46.890602,38.93848,46.932858,49.523373,47.79971,42.443985,43.1982,37.82054,27.865967,43.55204,45.075466,45.248264,44.854378,44.854378,46.987972,47.536392,47.536446,47.006977,47.001083,43.323666,43.330128,43.318066,42.419586,40.58709,40.758274,42.052147,44.685207,38.39013,40.535942,41.307407,39.025345,44.994778,44.145596,43.516823,39.381405,37.98596,43.85826,41.45551,39.245853,44.662136,41.895416,41.888912,41.87393,42.177185,42.785896,41.56711,40.79348,42.469543,39.72823,40.027466,40.027428,39.722603,38.502476,38.502487,34.844425,33.01153,35.75886,41.956753,39.44983,46.82238,46.79573,46.13035,39.589214,45.93677,43.937027,41.945217,41.139023,0.0,0.0,5.7104726,8.486635,9.494383,10,1
417600,0.7887518,38.11291,9.3342905,41.660408,5.5515056,8.42143,65.69128,65.690895,65.69053,32.79352,32.482067,37.13887,39.115837,39.40016,42.59814,45.03538,41.554092,42.25662,47.13099,47.30606,48.943855,45.325974,45.018017,31.464144,32.9872,46.700542,38.691143,46.647778,49.23811,47.50909,42.152897,42.907223,37.53643,27.581299,43.276638,44.79027,44.95753,44.56313,44.56313,46.696724,47.244396,47.24449,46.72006,46.71423,43.040546,43.04837,43.033962,42.13444,40.275433,40.440613,41.701603,44.354774,37.986313,40.13629,40.91007,38.60531,44.722157,43.878025,43.250313,39.042435,37.712112,43.60635,41.193928,39.004913,44.44023,41.679928,41.67134,41.646004,41.948193,42.556282,41.33778,40.592808,42.268654,39.54017,39.84503,39.84504,39.540188,38.32158,38.32158,34.665546,32.85311,35.603302,41.56945,39.053513,46.39302,46.363358,45.837883,39.217667,45.624374,43.652027,41.672108,40.872997,0.0,0.0,5.5515056,8.42143,9.334295,10,1
421200,0.37680954,37.84592,9.148897,41.341072,5.330133,8.158153,65.67413,65.67376,65.67338,32.3812,32.07003,36.744827,38.723614,38.988895,42.2174,44.656986,41.167343,41.896935,46.86668,47.00964,48.705788,45.09514,44.786312,31.259226,32.78217,46.49484,38.44873,46.380913,48.971123,47.238415,41.88157,42.6358,37.267456,27.312218,42.998512,44.49406,44.64955,44.253014,44.253014,46.386612,46.926094,46.926212,46.399273,46.393303,42.722,42.73086,42.714622,41.816418,39.933178,40.100433,41.351902,44.01425,37.62052,39.772873,40.54783,38.235382,44.36797,43.520607,42.892254,38.696087,37.356815,43.249577,40.836346,38.649055,44.08596,41.3262,41.31577,41.28403,41.58556,42.19326,40.974937,40.237747,41.91345,39.191048,39.49716,39.497208,39.19234,37.974876,37.974876,34.321007,32.526943,35.2789,41.234524,38.71325,46.03305,46.001747,45.521904,38.858543,45.294342,43.332245,41.317303,40.515594,0.0,0.0,5.330133,8.158153,9.148897,10,1
424800,0.36992624,34.85602,9.205405,41.498707,5.2595606,7.916721,63.689583,92.07506,92.07506,32.37431,32.062748,36.82489,38.80506,38.98251,42.300423,44.75567,41.27832,42.17817,47.619137,47.61069,49.68739,46.75875,45.616417,31.59228,33.11428,46.82493,38.36075,45.997276,47.366116,47.021843,41.783623,42.587563,37.708168,27.759747,43.62572,44.950325,44.99066,44.57131,44.57131,46.704903,47.15212,47.152317,46.57592,46.569233,42.87409,42.876877,42.872353,41.961758,40.023857,40.20577,41.46417,44.150795,37.718998,39.87927,40.659214,38.329803,44.37364,43.507824,42.877987,38.805912,37.35527,43.174423,40.796947,38.533375,43.899963,41.116623,41.09883,41.047848,41.34739,41.953945,40.73616,40.002556,41.67783,38.960865,39.26543,39.265434,38.96053,37.74183,37.74183,34.08601,32.27739,35.034653,41.6394,39.090744,46.3113,46.269695,45.77692,38.978695,45.469154,43.49517,41.317566,40.493023,0.0,0.0,5.2595606,7.916721,9.2054,10,1
428400,-0.60750705,34.50468,9.403649,41.012737,5.0992126,7.5712304,63.68303,92.03122,92.03122,31.395863,31.085093,35.93062,37.912056,38.01293,41.545586,44.046516,40.5075,41.491013,47.376846,47.217754,49.56266,46.63316,45.545414,31.697287,33.218506,46.92522,38.201393,45.66239,47.014774,46.661434,41.41367,42.21487,37.347614,27.400967,43.324192,44.571636,44.562023,44.133556,44.133556,46.267147,46.678577,46.67892,46.087936,46.080757,42.388657,42.39257,42.38638,41.45913,39.422527,39.60643,40.823586,43.592728,37.022472,39.20414,39.989323,37.612648,43.76774,42.89322,42.263172,38.17985,36.74139,42.53198,40.169403,37.87405,43.211327,40.41823,40.388947,40.30046,40.596134,41.200447,39.983696,39.288754,40.9632,38.276516,38.5836,38.583694,38.278713,37.06344,37.063435,33.414703,31.670708,34.43832,41.06479,38.4906,45.620113,45.567444,45.31426,38.39753,44.95309,43.008488,40.70453,39.876015,0.0,0.0,5.0992126,7.5712304,9.403645,10,1
432000,0.18495615,29.238901,9.510233,41.26879,4.79884,6.9983025,63.738773,92.404816,92.404816,32.189156,31.875454,36.7047,38.68411,38.794754,42.127796,44.579834,41.15378,42.221935,48.04778,47.91683,50.318714,47.701656,46.18504,31.975317,33.495632,47.20546,37.860157,44.85956,44.15423,46.14401,41.090714,41.971375,37.806244,27.868668,43.922863,45.06606,44.983128,44.538883,44.53888,46.672474,47.018066,47.018295,46.38322,46.376076,42.639763,42.638245,42.64237,41.72407,39.784874,39.977837,41.266285,43.957237,37.53905,39.70272,40.486256,38.151302,44.07294,43.19606,42.566868,38.597446,37.046764,42.754997,40.442642,38.040154,43.278667,40.452316,40.42782,40.36896,40.66769,41.273777,40.056206,39.26779,40.94289,38.210453,38.4995,38.4994,38.19448,36.97312,36.973152,33.31456,31.470718,34.230156,41.784668,39.21355,46.352665,46.302696,45.675274,38.79667,45.29693,43.27548,41.009834,40.17757,0.0,0.0,4.79884,6.9983025,9.510228,10,1
435600,28.086983,29.486767,9.763422,42.083607,4.9099216,6.819481,63.78089,92.688515,92.688515,40.25022,39.164616,41.64135,43.405766,44.366707,45.614643,47.47159,44.65523,45.349712,49.03178,49.641224,51.1445,48.51036,46.90773,32.38275,33.902412,47.606155,38.180206,45.143658,44.402092,46.438057,41.415028,42.311146,38.37321,28.4309,44.89467,46.028435,45.943127,45.491642,45.491642,47.62523,47.928345,47.9288,47.22458,47.216236,43.44878,43.44303,43.457336,42.563595,40.69232,40.944946,42.52232,45.097176,39.492043,41.63055,42.393513,40.52623,44.62812,43.723495,43.09237,39.751762,37.578808,43.049923,40.852543,38.20477,43.217167,40.31497,40.267044,40.150246,40.443005,41.045624,39.82966,39.027073,40.700897,37.98153,38.258728,38.258575,37.95353,36.73088,36.730923,33.071793,31.21447,33.98989,44.463684,42.03549,49.631237,49.696304,46.60858,40.281715,46.330566,44.098774,41.547573,40.692665,0.0,0.0,4.9099216,6.819481,9.763413,10,1
439200,28.593452,30.58827,10.102583,42.983387,5.3009906,6.5399632,63.821934,92.9662,92.9662,41.87129,40.836273,43.03914,44.809364,46.039997,46.92714,48.688522,45.90729,46.41378,49.931103,50.585094,51.950413,49.299633,47.644707,32.870674,34.391376,48.10014,39.01967,46.216164,45.5036,47.560863,42.553524,43.45364,39.48098,29.536201,45.811676,46.964,46.888103,46.43458,46.434574,48.56817,48.86076,48.861027,48.142315,48.134026,44.343143,44.331894,44.357147,43.46442,41.622738,41.876904,43.49091,46.0548,40.56093,42.695183,43.455605,41.67162,45.556602,44.64963,44.01893,40.70746,38.499508,43.82239,41.71296,38.877556,43.716976,40.756454,40.71458,40.645588,40.94327,41.54875,40.331463,39.23601,40.910892,38.156624,38.3389,38.337784,38.03284,36.781525,36.781727,33.090958,31.132996,33.895226,45.493954,43.07876,50.70115,50.79156,47.545242,41.274822,47.279537,45.003677,42.470604,41.610428,0.0,0.0,5.3009906,6.5399632,10.102569,10,1
442800,28.700008,30.992075,10.509814,43.36632,5.8131175,6.7692614,63.84118,93.09688,93.09688,42.211845,41.185474,43.410854,45.18298,46.40665,47.30731,49.06968,46.287563,46.793728,50.310852,50.964813,52.328842,49.670254,48.02816,33.269817,34.79054,48.49948,39.4213,46.61876,45.9074,47.96306,42.95464,43.85421,39.87366,29.928915,46.191383,47.34339,47.267143,46.813488,46.813488,48.947086,49.23909,49.239346,48.51962,48.511124,44.727936,44.71832,44.740086,43.84912,41.994358,42.254925,43.87114,46.43538,40.94277,43.076996,43.837357,42.053295,45.887318,44.97319,44.340977,41.08691,38.83083,44.137894,42.03507,39.185574,44.01201,41.04711,41.005325,40.938072,41.23594,41.84152,40.624184,39.510548,41.18546,38.428272,38.603436,38.602238,38.2973,37.043682,37.04389,33.350334,31.37973,34.141483,45.873074,43.45771,51.080097,51.169884,47.923786,41.655457,47.65958,45.38508,42.801544,41.93403,0.0,0.0,5.8131175,6.7692614,10.509805,10,1
446400,28.842634,30.358131,10.440907,42.79889,5.971661,6.835713,65.81829,65.817955,65.81761,42.66739,41.668102,43.250614,45.012302,46.776672,46.904266,48.608315,45.72724,45.872326,48.79711,49.74844,50.49678,47.03635,46.503315,32.71122,34.23235,47.94619,38.812153,45.943935,45.27346,47.24585,42.18243,43.056202,38.75234,28.805597,44.877544,46.299515,46.403534,45.985653,45.985653,48.119247,48.557644,48.557724,47.91631,47.908955,44.171265,44.17021,44.172817,43.297226,41.499718,41.729298,43.291035,45.815636,40.41566,42.54821,43.301453,41.572517,45.55474,44.662357,44.03123,40.525986,38.531174,44.060917,41.849022,39.232216,44.273167,41.380203,41.360355,41.339767,41.64244,42.250816,41.03219,39.933712,41.609653,38.818546,38.986366,38.98498,38.680138,37.419445,37.41967,33.71368,31.66162,34.410496,44.877937,42.497486,50.206272,50.34928,47.19486,41.05081,47.02676,44.80774,42.493687,41.638405,0.0,0.0,5.971661,6.835713,10.440907,10,1
450000,28.715845,36.127052,10.511032,42.807938,6.2588716,7.31393,65.803185,65.80284,65.8025,42.262436,41.25343,42.924816,44.690403,46.379486,46.681442,48.42734,45.513317,45.676685,48.734543,49.62768,50.425552,46.83301,46.463142,32.75065,34.272953,47.985878,39.58331,47.256126,48.637154,48.282608,43.038445,43.838985,38.900314,28.946604,44.822823,46.257412,46.370995,45.95579,45.95579,48.089382,48.539673,48.539787,47.910088,47.902584,44.181927,44.182,44.181934,43.301643,41.481396,41.714405,43.2527,45.78994,40.30556,42.438614,43.193497,41.427372,45.514133,44.618107,43.985893,40.495903,38.4913,44.05321,41.819717,39.248985,44.3324,41.45378,41.431984,41.40265,41.704426,42.31227,41.093887,40.072403,41.748158,38.98235,39.187733,39.186768,38.88191,37.634335,37.634495,33.94535,31.981596,34.732887,44.70628,42.318157,50.004864,50.139275,47.17262,40.992992,47.005093,44.81254,42.453747,41.59582,0.0,0.0,6.2588716,7.31393,10.511032,10,1
453600,28.809778,36.26358,10.460691,43.026375,6.425578,7.632804,65.82399,65.823654,65.82331,42.562473,41.561413,43.20529,44.970623,46.68996,46.934906,48.674328,45.75913,45.90906,48.90211,49.821,50.575848,47.113106,46.573532,32.751144,34.27362,47.98697,39.662266,47.389996,48.773678,48.4278,43.189934,43.992867,39.070152,29.115599,45.002148,46.45234,46.5762,46.162987,46.162987,48.29659,48.754997,48.755093,48.129215,48.121857,44.40014,44.400135,44.400276,43.52087,41.710728,41.9398,43.47709,46.00969,40.542072,42.674908,43.429127,41.669857,45.766205,44.87318,44.24118,40.72065,38.745403,44.332176,42.08642,39.54186,44.649406,41.778885,41.759155,41.73382,42.03601,42.644096,41.425602,40.410664,42.0865,39.318447,39.525227,39.52427,39.219418,37.971855,37.972015,34.28253,32.315018,35.06521,44.924377,42.539833,50.237904,50.375275,47.385334,41.217995,47.22296,45.03109,42.707783,41.852043,0.0,0.0,6.425578,7.632804,10.460691,10,1
457200,28.668234,39.826733,10.56295,43.06082,6.619612,7.9679365,65.82944,65.8291,65.82876,42.110302,41.097435,42.88327,44.65379,46.25424,46.74106,48.524654,45.585876,45.777977,48.969185,49.800713,50.651375,47.186424,46.655598,32.85115,34.374504,48.08643,40.266537,48.361855,50.95193,49.254623,43.91539,44.67603,39.341675,29.380613,45.056137,46.490482,46.604767,46.19032,46.19032,48.323917,48.77807,48.778217,48.154953,48.147377,44.435356,44.436382,44.434875,43.551453,41.71538,41.949512,43.47144,46.020042,40.464863,42.59828,43.35474,41.555683,45.740288,44.842834,44.20995,40.720406,38.718212,44.315838,42.0597,39.53727,44.66521,41.80161,41.778236,41.739437,42.040234,42.64752,41.42939,40.484753,42.160294,39.411427,39.649178,39.648575,39.34369,38.106995,38.107105,34.43151,32.532906,35.286808,44.82913,42.433334,50.098995,50.223763,47.409424,41.19685,47.238094,45.063183,42.68062,41.822094,0.0,0.0,6.619612,7.9679365,10.56295,10,1
460800,28.781088,39.983498,10.662069,43.213604,6.7110205,8.128861,65.83911,65.83878,65.83844,42.470848,41.467316,43.1989,44.96799,46.619385,47.003464,48.7664,45.83897,46.010414,49.118908,49.986813,50.785614,47.31674,46.7843,32.96115,34.484604,48.197273,40.40494,48.518486,51.108696,49.413948,44.075157,44.835873,39.50116,29.540194,45.209618,46.648006,46.764423,46.350037,46.350037,48.483635,48.93759,48.937714,48.311726,48.3042,44.58765,44.58795,44.58759,43.7057,41.880142,42.113182,43.64379,46.185303,40.67231,42.805504,43.560947,41.78062,45.90968,45.011547,44.378017,40.889698,38.889835,44.503635,42.239132,39.73455,44.878956,42.020855,42.00015,41.968414,42.26994,42.877647,41.659325,40.703514,42.37921,39.62568,39.858387,39.857716,39.55285,38.31405,38.314167,34.635662,32.722336,35.47429,45.04681,42.655777,50.334938,50.465233,47.5692,41.377472,47.40154,45.217056,42.852127,41.991817,0.0,0.0,6.7110205,8.128861,10.662069,10,1
464400,28.660807,39.8595,10.775695,43.23287,6.8494267,8.341551,65.81372,65.81338,65.813034,42.086575,41.074326,42.874985,44.64746,46.241028,46.77082,48.578857,45.609097,45.791573,48.980247,49.810196,50.635746,46.974735,46.678455,32.99491,34.51811,48.229828,40.344913,48.394657,50.984703,49.27853,43.935734,44.695198,39.35748,29.396358,45.096107,46.57092,46.71302,46.304737,46.304737,48.43833,48.9184,48.918556,48.312912,48.305332,44.609608,44.613457,44.60688,43.723347,41.87399,42.10798,43.60984,46.162113,40.561954,42.695396,43.452095,41.632984,45.89807,44.999992,44.36646,40.86587,38.877674,44.50586,42.231556,39.747887,44.911564,42.059986,42.03726,41.99642,42.297012,42.90417,41.6861,40.780994,42.45649,39.71198,39.964382,39.963924,39.65904,38.426884,38.42697,34.7567,32.88073,35.635197,44.838814,42.442825,50.10947,50.232468,47.541035,41.319614,47.3801,45.2312,42.840015,41.980595,0.0,0.0,6.8494267,8.341551,10.775695,10,1
468000,28.664534,39.803467,10.686361,43.222263,6.8405666,8.433927,65.80926,65.80892,65.80858,42.09848,41.086914,42.868713,44.640766,46.249985,46.756443,48.564846,45.590107,45.763836,48.926983,49.767544,50.57148,46.914776,46.611595,32.91542,34.43866,48.150517,40.27937,48.338596,50.92867,49.2242,43.882004,44.64165,39.30444,29.343159,45.05205,46.539436,46.690018,46.283493,46.283493,48.41709,48.904434,48.90459,48.30333,48.29593,44.599365,44.60352,44.59635,43.713684,41.874565,42.10329,43.599457,46.149822,40.549446,42.682835,43.43931,41.62023,45.93114,45.038837,44.40641,40.85749,38.911423,44.555473,42.274406,39.80516,44.982136,42.13502,42.113148,42.073673,42.3744,42.981644,41.76354,40.865456,42.54099,39.796684,40.051647,40.05121,39.746326,38.514843,38.514923,34.845345,32.972046,35.726135,44.80585,42.41128,50.082226,50.2066,47.524677,41.306507,47.367413,45.220924,42.87373,42.019714,0.0,0.0,6.8405666,8.433927,10.686361,10,1
471600,28.559301,36.035133,10.61357,43.15792,6.8258185,8.521066,65.800354,65.80001,65.79967,41.762104,40.74255,42.576447,44.35062,45.9141,46.527733,48.36595,45.36554,45.55144,48.77447,49.5894,50.446907,46.79481,46.490692,32.816692,34.338676,48.049717,39.558704,47.17448,48.54523,48.19382,42.95064,43.75237,38.847767,28.893312,44.91292,46.419994,46.584637,46.181553,46.181553,48.315147,48.817314,48.817497,48.22831,48.220848,44.537193,44.54411,44.531876,43.649506,41.792427,42.02233,43.501442,46.059452,40.401257,42.534794,43.292175,41.44732,45.841377,44.94805,44.315166,40.765484,38.821854,44.485737,42.1916,39.75024,44.952923,42.114483,42.09156,42.044315,42.344246,42.951023,41.733135,40.8851,42.560463,39.818718,40.089928,40.08966,39.784767,38.55838,38.558437,34.894817,33.0433,35.79953,44.602753,42.20429,49.865166,49.984028,47.432426,41.1934,47.278084,45.153435,42.784138,41.929543,0.0,0.0,6.8258185,8.521066,10.61357,10,1
475200,28.56105,35.96096,10.501731,43.095142,6.739884,8.4973,65.79379,65.79345,65.793106,41.76769,40.748486,42.5552,44.3284,45.912792,46.488716,48.32228,45.32226,45.49916,48.69285,49.520863,50.35649,46.706516,46.39819,32.713684,34.235714,47.946987,39.472336,47.099163,48.47106,48.120235,42.877636,43.679516,38.773746,28.819147,44.836433,46.350338,46.519474,46.117245,46.11724,48.25084,48.75645,48.756622,48.169178,48.161938,44.473568,44.47944,44.469143,43.586235,41.74497,41.968483,43.44488,45.99999,40.35051,42.484,43.241074,41.400375,45.834255,44.948444,44.317318,40.709877,38.8146,44.4823,42.189243,39.745567,44.94612,42.106956,42.0845,42.03944,42.339592,42.9465,41.72855,40.871315,42.54672,39.804554,40.073013,40.072716,39.767822,38.540558,38.54062,34.875973,33.021267,35.776897,44.54545,42.14868,49.814278,49.935223,47.37047,41.13686,47.21832,45.091713,42.776928,41.929657,0.0,0.0,6.739884,8.4973,10.501731,10,1
478800,28.603724,35.9347,10.401704,43.06348,6.6781483,8.496788,65.78862,65.78827,65.78792,41.904106,40.88853,42.639988,44.41118,46.04074,46.527843,48.34696,45.353325,45.513474,48.637524,49.495766,50.285435,46.63675,46.32467,32.626263,34.148403,47.860256,39.420116,47.069855,48.444794,48.094288,42.852295,43.65419,38.741673,28.786854,44.787895,46.310402,46.484985,46.083633,46.083633,48.21723,48.726234,48.72638,48.13952,48.13238,44.439564,44.442867,44.437275,43.551666,41.722954,41.943466,43.42371,45.973595,40.35182,42.485172,43.24148,41.413708,45.829945,44.94633,44.31542,40.687355,38.81148,44.48887,42.191753,39.756744,44.965282,42.128784,42.108055,42.068584,42.36931,42.97655,41.75845,40.88856,42.56409,39.821358,40.08619,40.085854,39.78097,38.552376,38.55244,34.886112,33.025467,35.779556,44.547195,42.154472,49.83156,49.957184,47.33925,41.12034,47.190857,45.060474,42.77367,41.927876,0.0,0.0,6.6781483,8.496788,10.401709,10,1
482400,28.68595,35.956234,10.320988,43.09897,6.6783485,8.538125,65.78508,65.78474,65.784386,42.166912,41.158176,42.833935,44.60237,46.296024,46.654312,48.45555,45.467743,45.60682,48.61571,49.51997,50.236713,46.589165,46.2743,32.561264,34.083565,47.79623,39.40483,47.086826,48.46633,48.1161,42.8748,43.67664,38.753296,28.798105,44.780735,46.322414,46.50943,46.11038,46.11038,48.243973,48.762085,48.762215,48.178837,48.171963,44.47333,44.474617,44.4726,43.586243,41.78002,41.99312,43.47484,46.016033,40.431465,42.5645,43.31965,41.508587,45.93262,45.056557,44.427162,40.73796,38.9152,44.600906,42.303047,39.869633,45.07963,42.243603,42.225048,42.19331,42.494835,43.102543,41.884224,40.988014,42.66371,39.91748,40.173153,40.172707,39.867844,38.63606,38.636135,34.965813,33.08845,35.840405,44.61661,42.230545,49.927826,50.059887,47.372253,41.175545,47.230762,45.096912,42.87726,42.03812,0.0,0.0,6.6783485,8.538125,10.320988,10,1
486000,1.6022929,35.483067,10.272321,42.480484,6.748107,8.657769,65.74765,65.7473,65.74694,33.60778,33.296803,37.948627,39.9257,40.215065,43.411926,45.849174,42.3639,43.05151,47.88481,48.07623,49.720093,46.085167,45.81331,32.337963,33.86008,47.573536,39.036533,46.60872,47.993156,47.613308,42.35184,43.14498,38.1312,28.181683,44.042328,45.572285,45.75058,45.358383,45.358383,47.491978,48.048534,48.048626,47.52832,47.521976,43.867966,43.8836,43.85402,42.969185,41.06309,41.24513,42.51428,45.172646,38.80041,40.950405,41.723736,39.419373,45.4073,44.546486,43.917297,39.852234,38.393692,44.206787,41.836147,39.558,44.911137,42.123207,42.111923,42.087685,42.389984,42.998135,41.779606,40.983654,42.65952,39.917664,40.208565,40.208458,39.90361,38.681637,38.68166,35.021942,33.184246,35.934135,42.35475,39.84092,47.188095,47.15919,46.639244,40.032238,46.436775,44.468807,42.3549,41.531914,0.0,0.0,6.748107,8.657769,10.2723255,10,1
489600,1.5337481,38.806667,10.0388565,42.354523,6.397035,8.616004,65.73999,65.73963,65.73927,33.539173,33.227642,37.877842,39.85375,40.145107,43.32946,45.76386,42.289165,42.980732,47.811543,48.001476,49.615158,45.982018,45.69406,32.157753,33.680843,47.39452,39.38558,47.341476,49.93187,48.201843,42.84445,43.59825,38.222317,28.267525,43.959846,45.476574,45.645607,45.251404,45.251404,47.385006,47.93308,47.93317,47.406967,47.400696,43.73821,43.749767,43.728043,42.835754,40.94862,41.12889,42.406544,45.059097,38.70561,40.854733,41.627865,39.327988,45.303207,44.44414,43.814747,39.741512,38.29034,44.115578,41.73637,39.476482,44.846462,42.06419,42.054092,42.031967,42.334488,42.94277,41.724182,40.935314,42.611225,39.869614,40.163067,40.162983,39.85814,38.63677,38.636787,34.977627,33.141598,35.8909,42.2823,39.76877,47.11721,47.088245,46.52665,39.93113,46.321663,44.34415,42.251316,41.431305,0.0,0.0,6.397035,8.616004,10.038861,10,1
493200,1.431987,38.655113,9.8445425,42.19202,6.117722,8.564849,65.72854,65.72817,65.72781,33.437332,33.125248,37.770496,39.745464,40.04155,43.213234,45.643528,42.176308,42.860718,47.657333,47.859135,49.456375,45.827766,45.530792,31.976252,33.499393,47.21334,39.2221,47.18988,49.780315,48.05217,42.695183,43.44906,38.07208,28.11743,43.8056,45.321774,45.490154,45.09567,45.09567,47.22927,47.77588,47.775963,47.247715,47.241547,43.573883,43.583405,43.56556,42.670277,40.800945,40.97894,42.26316,44.909157,38.575268,40.72325,41.495872,39.20165,45.168453,44.311726,43.682102,39.595814,38.156998,44.000237,41.610138,39.373497,44.764908,41.98983,41.981197,41.9616,42.264378,42.87281,41.654156,40.874557,42.55053,39.809452,40.106213,40.106155,39.801315,38.580715,38.58073,34.922302,33.08801,35.836613,42.153576,39.641937,46.997322,46.968975,46.370083,39.792664,46.16808,44.1826,42.117455,41.301605,0.0,0.0,6.117722,8.564849,9.844547,10,1
496800,1.4457582,38.548656,9.660699,42.09259,5.8827834,8.497435,65.71909,65.71873,65.71837,33.45111,33.13798,37.773888,39.74764,40.05124,43.203854,45.62415,42.168285,42.831173,47.544838,47.775093,49.327892,45.70065,45.39546,31.812607,33.335846,47.050278,39.092827,47.083332,49.673855,47.94933,42.593147,43.34719,37.968304,28.013786,43.698708,45.221672,45.394154,45.000195,45.000195,47.133797,47.68194,47.682,47.152256,47.146225,43.472233,43.479237,43.466118,42.56826,40.72482,40.900375,42.19698,44.831413,38.535473,40.68138,41.45285,39.170643,45.106304,44.252777,43.623592,39.525276,38.09619,43.945915,41.553677,39.321598,44.717216,41.943542,41.93624,41.921265,42.224518,42.833225,41.61444,40.824455,42.500526,39.75776,40.051678,40.051594,39.746765,38.52522,38.525238,34.86566,33.029438,35.77677,42.102886,39.595894,46.96821,46.941517,46.275986,39.734932,46.08279,44.084312,42.05606,41.24349,0.0,0.0,5.8827834,8.497435,9.660699,10,1
500400,1.3011577,38.398254,9.494467,41.944557,5.7105565,8.486718,65.70854,65.708176,65.7078,33.30638,32.993195,37.628723,39.60246,39.906353,43.058765,45.478962,42.02304,42.685413,47.39791,47.628567,49.180737,45.55854,45.245777,31.653006,33.17626,46.89069,38.93856,46.93293,49.523453,47.79979,42.444065,43.198284,37.820625,27.866047,43.55212,45.075546,45.24835,44.854458,44.854458,46.988056,47.536472,47.536533,47.007057,47.00117,43.32375,43.33021,43.31815,42.419666,40.58717,40.758358,42.052235,44.685295,38.390213,40.536026,41.30749,39.025433,44.99486,44.14568,43.516907,39.38149,37.986046,43.858345,41.4556,39.245937,44.662228,41.895496,41.888996,41.87402,42.177273,42.785976,41.567192,40.793564,42.469635,39.728317,40.027554,40.027515,39.722687,38.502563,38.50257,34.84451,33.011623,35.758953,41.956837,39.449913,46.82246,46.795803,46.13043,39.589294,45.93685,43.93711,41.945297,41.139103,0.0,0.0,5.7105565,8.486718,9.494467,10,1
504000,0.7888309,38.112988,9.334374,41.66049,5.5515895,8.421514,65.69128,65.69091,65.69054,32.793602,32.482147,37.13895,39.115917,39.40024,42.59822,45.03547,41.55417,42.2567,47.131065,47.30614,48.943935,45.32605,45.018097,31.464222,32.98728,46.70063,38.691223,46.647858,49.238186,47.509167,42.152973,42.9073,37.536507,27.58138,43.27671,44.79035,44.957607,44.56321,44.56321,46.696804,47.244476,47.24457,46.720142,46.714314,43.040627,43.048454,43.034042,42.134518,40.275513,40.440693,41.70168,44.35485,37.986397,40.13637,40.910152,38.60539,44.72224,43.87811,43.250393,39.042515,37.71219,43.606434,41.194004,39.004993,44.440315,41.680008,41.67142,41.646088,41.948277,42.556366,41.337868,40.59289,42.268734,39.540253,39.845116,39.845123,39.54027,38.321663,38.321663,34.665634,32.853195,35.603382,41.56953,39.053593,46.393093,46.363438,45.837963,39.217743,45.62446,43.65211,41.672184,40.873074,0.0,0.0,5.5515895,8.421514,9.334379,10,1
507600,0.37688395,37.846,9.148976,41.34115,5.330217,8.1582365,65.67414,65.67376,65.67338,32.381275,32.07011,36.744904,38.723686,38.98897,42.217476,44.65706,41.167427,41.897015,46.866753,47.00972,48.705864,45.09521,44.786385,31.259304,32.78225,46.49492,38.44881,46.38099,48.9712,47.23849,41.881645,42.63588,37.267536,27.312294,42.99859,44.494137,44.64963,44.253094,44.253094,46.38669,46.92617,46.926292,46.399353,46.39338,42.722076,42.730938,42.714703,41.816498,39.93326,40.100513,41.351982,44.01433,37.620598,39.772953,40.547905,38.235462,44.36805,43.520687,42.892334,38.696167,37.356895,43.249657,40.836422,38.64913,44.086037,41.326275,41.31585,41.28411,41.585636,42.193344,40.97502,40.237827,41.91353,39.19113,39.497246,39.49729,39.19242,37.974957,37.974957,34.321087,32.527027,35.27898,41.2346,38.71333,46.033127,46.001827,45.521988,38.858624,45.29442,43.332325,41.317383,40.515675,0.0,0.0,5.330217,8.1582365,9.14898,10,1
511200,0.369903,34.855976,9.205354,41.498684,5.2595468,7.9167585,63.689583,92.07504,92.07504,32.37429,32.062725,36.824867,38.80504,38.982487,42.300404,44.75565,41.278297,42.178146,47.619106,47.610657,49.68735,46.758713,45.61637,31.592234,33.11423,46.824883,38.360703,45.997234,47.366077,47.021805,41.783585,42.587517,37.708134,27.759708,43.62569,44.9503,44.99064,44.57128,44.57128,46.70488,47.152096,47.152294,46.575905,46.569218,42.87407,42.876858,42.872334,41.961735,40.023838,40.20575,41.46415,44.150776,37.71898,39.87925,40.65919,38.329784,44.373627,43.507812,42.877975,38.805893,37.355263,43.17442,40.796936,38.533375,43.89997,41.116634,41.098843,41.047855,41.3474,41.953953,40.736168,40.002567,41.677845,38.96088,39.26544,39.26545,38.96055,37.741844,37.741844,34.086025,32.277416,35.03468,41.639374,39.090714,46.311268,46.26967,45.776897,38.978672,45.469128,43.495155,41.31756,40.493015,0.0,0.0,5.2595468,7.9167585,9.205349,10,1
514800,-0.60753965,34.504642,9.403598,41.012707,5.0991936,7.5712495,63.68303,92.03121,92.03121,31.395836,31.085066,35.930588,37.912025,38.012897,41.545555,44.046486,40.507473,41.49098,47.376804,47.217716,49.562614,46.633114,45.54537,31.69724,33.21846,46.92517,38.20135,45.662354,47.014732,46.661392,41.41363,42.214825,37.347576,27.400927,43.32416,44.571606,44.56199,44.13353,44.13353,46.26712,46.67855,46.678894,46.08791,46.08073,42.38863,42.392544,42.386353,41.459106,39.422497,39.606403,40.82356,43.5927,37.022446,39.204113,39.989296,37.612614,43.76771,42.8932,42.26315,38.179825,36.74137,42.53196,40.169384,37.874035,43.211323,40.418217,40.388943,40.30045,40.596127,41.200443,39.983692,39.28875,40.963196,38.276516,38.5836,38.583694,38.27871,37.063435,37.063435,33.414703,31.670713,34.43832,41.06476,38.490566,45.62008,45.567406,45.31423,38.397503,44.953064,43.008457,40.70451,39.87599,0.0,0.0,5.0991936,7.5712495,9.403598,10,1
518400,0.18492824,29.238867,9.510186,41.26877,4.7988214,6.998312,63.738773,92.40479,92.40479,32.189133,31.875425,36.70468,38.684082,38.794727,42.12777,44.579807,41.153755,42.22191,48.04775,47.916798,50.318676,47.701626,46.185,31.975275,33.495594,47.205414,37.860115,44.85952,44.154194,46.14398,41.09068,41.971344,37.806213,27.868635,43.92283,45.066032,44.9831,44.538857,44.538857,46.672455,47.01804,47.01827,46.383194,46.376057,42.63974,42.638226,42.64234,41.72405,39.784855,39.977814,41.266254,43.95721,37.53903,39.70269,40.48623,38.15128,44.07292,43.196037,42.566853,38.597424,37.04675,42.754986,40.442623,38.040142,43.278664,40.452312,40.42782,40.368958,40.66769,41.273773,40.056206,39.26779,40.942894,38.210457,38.4995,38.499405,38.194485,36.97313,36.973152,33.314564,31.470724,34.23016,41.784634,39.213524,46.35264,46.30267,45.675247,38.796646,45.29691,43.275455,41.00981,40.17755,0.0,0.0,4.7988214,6.998312,9.510181,10,1
522000,28.086973,29.486729,9.763375,42.083576,4.9098983,6.8194766,63.78089,92.68849,92.68849,40.25019,39.164593,41.641323,43.40574,44.366676,45.614616,47.471554,44.655205,45.349678,49.031746,49.64119,51.144463,48.51033,46.907692,32.382713,33.90237,47.606113,38.18017,45.14362,44.402058,46.43802,41.41499,42.311108,38.373173,28.430868,44.894634,46.028404,45.9431,45.491615,45.49161,47.625202,47.928318,47.928772,47.224552,47.21621,43.448753,43.443,43.45731,42.563572,40.692295,40.944923,42.52229,45.09715,39.492016,41.630516,42.393486,40.526203,44.628098,43.723473,43.092346,39.75174,37.578785,43.049904,40.852524,38.204754,43.21715,40.314957,40.267033,40.150234,40.44299,41.045616,39.82965,39.02706,40.700886,37.98152,38.258724,38.258564,37.953526,36.730877,36.73092,33.071785,31.214464,33.98988,44.46365,42.035458,49.631203,49.69627,46.60855,40.28169,46.33054,44.098747,41.54755,40.69264,0.0,0.0,4.9098983,6.8194766,9.763367,10,1
525600,28.593449,30.588238,10.102541,42.983356,5.300967,6.539959,63.821926,92.966194,92.966194,41.871265,40.836246,43.039104,44.809334,46.03997,46.927105,48.68849,45.907265,46.413746,49.93107,50.585064,51.950375,49.299603,47.644672,32.870636,34.39134,48.100094,39.01963,46.216125,45.503567,47.560825,42.55349,43.453606,39.48095,29.536165,45.81165,46.963974,46.888077,46.434544,46.434544,48.568142,48.860733,48.860996,48.14229,48.134,44.343117,44.331863,44.35712,43.46439,41.622707,41.876873,43.490883,46.05477,40.560894,42.695156,43.455574,41.671593,45.556576,44.649605,44.0189,40.70743,38.499485,43.822365,41.712936,38.877533,43.71696,40.75644,40.714565,40.64557,40.943256,41.548733,40.331444,39.236,40.910877,38.15661,38.338886,38.337772,38.032825,36.781513,36.78171,33.09095,31.132988,33.895218,45.493927,43.078728,50.701115,50.791534,47.545208,41.274796,47.27951,45.003647,42.470577,41.6104,0.0,0.0,5.300967,6.539959,10.102528,10,1
529200,28.700006,30.992037,10.509776,43.366295,5.813094,6.769252,63.84118,93.09686,93.09686,42.21182,41.185448,43.410828,45.182953,46.406624,47.30728,49.069653,46.28753,46.793694,50.310818,50.964783,52.32881,49.67022,48.028126,33.269783,34.7905,48.499443,39.42126,46.61872,45.90736,47.963028,42.9546,43.85417,39.87363,29.928883,46.191353,47.343365,47.267117,46.81346,46.81346,48.94706,49.239056,49.23932,48.519592,48.511097,44.727905,44.718292,44.74006,43.849094,41.994328,42.254898,43.871113,46.43535,40.94274,43.076965,43.83733,42.05327,45.887283,44.973164,44.340946,41.08688,38.830803,44.137867,42.03504,39.18555,44.01199,41.047092,41.005306,40.938053,41.23592,41.8415,40.624165,39.51053,41.185448,38.428257,38.603416,38.602222,38.297283,37.043667,37.043877,33.350323,31.379723,34.141468,45.87304,43.45768,51.08007,51.169853,47.92376,41.655426,47.659554,45.38505,42.80152,41.934002,0.0,0.0,5.81309,6.769252,10.509763,10,1
532800,28.842623,30.358095,10.440869,42.798855,5.9716334,6.835699,65.81828,65.81795,65.81761,42.667362,41.66808,43.250584,45.01227,46.776646,46.904236,48.608284,45.727207,45.8723,48.797077,49.74841,50.496742,47.036312,46.503277,32.71118,34.232315,47.94615,38.81212,45.943897,45.273426,47.24581,42.182396,43.056164,38.752308,28.805561,44.877514,46.29948,46.4035,45.98562,45.98562,48.119217,48.55761,48.55769,47.916275,47.908924,44.171234,44.17018,44.172787,43.297195,41.499687,41.729267,43.291004,45.815605,40.41563,42.548176,43.30142,41.572487,45.554714,44.66233,44.031204,40.52595,38.53114,44.06089,41.848988,39.23219,44.273136,41.38018,41.360336,41.339745,41.64242,42.25079,41.03216,39.933685,41.609634,38.818527,38.986343,38.98496,38.68012,37.419426,37.41965,33.71366,31.6616,34.410484,44.877903,42.497456,50.20624,50.34925,47.194828,41.050785,47.026726,44.807705,42.49366,41.63838,0.0,0.0,5.9716334,6.835699,10.440869,10,1
536400,28.715837,36.12702,10.510995,42.807907,6.258844,7.313916,65.803185,65.80284,65.8025,42.262413,41.253403,42.92478,44.690372,46.37946,46.681416,48.42731,45.513287,45.67665,48.734505,49.62765,50.425514,46.83298,46.46311,32.750618,34.272923,47.98584,39.583275,47.25609,48.637115,48.282574,43.03841,43.83895,38.90028,28.946571,44.82279,46.257378,46.370964,45.955753,45.955753,48.08935,48.539642,48.539757,47.910057,47.902557,44.1819,44.181973,44.181908,43.301617,41.481365,41.714375,43.25267,45.78991,40.30553,42.43858,43.193462,41.42734,45.514103,44.61808,43.985863,40.495872,38.491272,44.053185,41.81969,39.248955,44.332375,41.453754,41.431957,41.402626,41.704403,42.31225,41.09386,40.07238,41.748135,38.982327,39.187714,39.18675,38.88189,37.634315,37.63447,33.94533,31.981577,34.73287,44.706245,42.318127,50.00483,50.13924,47.17259,40.992954,47.005062,44.812504,42.45372,41.59579,0.0,0.0,6.258844,7.313916,10.510995,10,1
540000,28.80977,36.263546,10.460659,43.02635,6.42555,7.6327853,65.82399,65.823654,65.82331,42.562454,41.561382,43.20526,44.970592,46.689934,46.93488,48.674297,45.759098,45.90903,48.902084,49.82097,50.575817,47.113075,46.5735,32.751106,34.27359,47.98693,39.66223,47.389965,48.773647,48.427765,43.189903,43.992836,39.07012,29.115566,45.002113,46.452312,46.57616,46.16296,46.16296,48.29656,48.754963,48.755062,48.12919,48.121826,44.400112,44.400105,44.40025,43.520832,41.7107,41.93977,43.477062,46.00966,40.542038,42.674877,43.429096,41.669827,45.76618,44.873154,44.241154,40.720615,38.74537,44.332153,42.08638,39.541832,44.649387,41.77886,41.759132,41.733803,42.035984,42.64407,41.42557,40.410637,42.086475,39.31842,39.525204,39.524246,39.219395,37.971836,37.971992,34.282516,32.314995,35.065186,44.924343,42.539806,50.237873,50.37524,47.385307,41.217968,47.222927,45.031055,42.707752,41.852016,0.0,0.0,6.42555,7.6327853,10.460654,10,1
543600,28.668226,39.826706,10.562918,43.060787,6.619585,7.9679136,65.82943,65.829094,65.82876,42.11028,41.09741,42.883247,44.653763,46.25422,46.74103,48.524628,45.58585,45.77795,48.969154,49.800686,50.651344,47.186394,46.655563,32.85112,34.374474,48.0864,40.266502,48.361824,50.951904,49.254593,43.91536,44.676003,39.341644,29.380583,45.056103,46.490448,46.60474,46.19029,46.19029,48.323887,48.77804,48.778187,48.154922,48.14735,44.43533,44.436356,44.434845,43.551426,41.71535,41.949486,43.471413,46.020016,40.464836,42.598255,43.35471,41.555656,45.74026,44.842808,44.209923,40.72037,38.718185,44.315807,42.059673,39.53724,44.665188,41.801582,41.77821,41.73941,42.040207,42.64749,41.429367,40.484726,42.16027,39.411404,39.64916,39.648552,39.343666,38.106968,38.107082,34.431488,32.532883,35.286785,44.829098,42.433308,50.09897,50.223736,47.409397,41.196823,47.23806,45.063152,42.68059,41.822063,0.0,0.0,6.619585,7.9679136,10.562918,10,1
547200,28.78108,39.98347,10.662037,43.213577,6.7109885,8.128839,65.83911,65.83878,65.83844,42.470825,41.467297,43.198868,44.967964,46.619366,47.003437,48.766373,45.838943,46.010387,49.11888,49.986782,50.785587,47.31671,46.784275,32.961124,34.484573,48.19724,40.404915,48.51846,51.10867,49.413918,44.07512,44.835842,39.501133,29.540167,45.20959,46.64798,46.764393,46.35001,46.35001,48.48361,48.93756,48.937687,48.31169,48.30417,44.587624,44.58792,44.58756,43.70567,41.88011,42.113148,43.643764,46.185272,40.672283,42.80547,43.560917,41.78059,45.909653,45.011517,44.377987,40.889668,38.88981,44.50361,42.239105,39.734528,44.87893,42.020836,42.00013,41.968384,42.269917,42.87762,41.659298,40.703487,42.37919,39.625652,39.858368,39.85769,39.552826,38.31403,38.314144,34.63564,32.722313,35.474266,45.046783,42.65575,50.334904,50.465206,47.56917,41.377445,47.401512,45.217022,42.852093,41.99179,0.0,0.0,6.7109885,8.128839,10.662037,10,1
550800,28.660805,39.85947,10.775663,43.232838,6.849398,8.341528,65.81371,65.81337,65.813034,42.08655,41.074306,42.874958,44.64743,46.241005,46.770794,48.57883,45.609062,45.791546,48.98022,49.81017,50.635715,46.97471,46.67842,32.994877,34.51808,48.229794,40.344883,48.39463,50.98467,49.278503,43.935703,44.695164,39.35745,29.396328,45.09608,46.57089,46.712994,46.30471,46.30471,48.4383,48.918373,48.91853,48.312885,48.3053,44.60958,44.613426,44.60685,43.723316,41.873955,42.107952,43.609806,46.16208,40.561928,42.69537,43.452065,41.63295,45.898045,44.999966,44.36643,40.86584,38.87764,44.505833,42.231525,39.747856,44.911537,42.05996,42.03723,41.996395,42.29698,42.90414,41.686077,40.780964,42.456467,39.711952,39.96436,39.963898,39.659016,38.426857,38.42694,34.756668,32.880703,35.63517,44.838787,42.4428,50.10944,50.23244,47.541008,41.319588,47.380074,45.231174,42.83999,41.98056,0.0,0.0,6.849398,8.341528,10.775663,10,1
554400,28.664528,39.80344,10.686328,43.222237,6.8405385,8.433899,65.80926,65.80892,65.80858,42.098457,41.08689,42.868687,44.64074,46.249958,46.756413,48.56481,45.590084,45.763805,48.926956,49.767513,50.571453,46.91475,46.61157,32.91539,34.43863,48.15049,40.279335,48.33857,50.928642,49.224163,43.881973,44.641624,39.304413,29.343132,45.05202,46.539406,46.68999,46.283466,46.283466,48.41706,48.904408,48.90456,48.3033,48.295902,44.59934,44.603485,44.59632,43.713654,41.874535,42.103256,43.599426,46.14979,40.549416,42.682808,43.43928,41.6202,45.93111,45.038807,44.406384,40.857464,38.911396,44.555447,42.27438,39.805134,44.98211,42.135,42.11312,42.073643,42.374374,42.981617,41.763508,40.865437,42.54096,39.796658,40.05162,40.05119,39.746304,38.514816,38.514896,34.845318,32.97202,35.726112,44.80582,42.41125,50.0822,50.20657,47.52465,41.306477,47.367382,45.220894,42.8737,42.019684,0.0,0.0,6.8405385,8.433899,10.686328,10,1
558000,28.5593,36.035107,10.613538,43.157894,6.8257856,8.521042,65.800354,65.80001,65.79967,41.762085,40.742527,42.576416,44.350597,45.914074,46.5277,48.36593,45.365513,45.55141,48.774445,49.58937,50.446877,46.79479,46.490665,32.816666,34.338642,48.049686,39.558678,47.174454,48.545204,48.19379,42.95061,43.752342,38.84774,28.893286,44.91289,46.419968,46.58461,46.181526,46.181526,48.315117,48.817287,48.81747,48.228283,48.22082,44.537163,44.54408,44.53185,43.64948,41.792397,42.0223,43.501415,46.059425,40.40123,42.534767,43.292145,41.447292,45.84135,44.948025,44.31514,40.765453,38.821827,44.48571,42.19157,39.750214,44.952896,42.11446,42.09153,42.044292,42.34422,42.950996,41.733105,40.885075,42.560432,39.818687,40.089905,40.08964,39.78474,38.558353,38.55841,34.89479,33.04327,35.799503,44.602722,42.204258,49.86514,49.983997,47.4324,41.19337,47.278057,45.153408,42.784107,41.929512,0.0,0.0,6.8257856,8.521042,10.613538,10,1
561600,28.56104,35.960934,10.501702,43.095116,6.7398562,8.497272,65.79379,65.79345,65.793106,41.76767,40.74846,42.555172,44.328373,45.91277,46.48869,48.322258,45.32224,45.499134,48.69282,49.520836,50.356464,46.70649,46.398163,32.713657,34.235687,47.946953,39.472305,47.099136,48.471027,48.12021,42.87761,43.67949,38.77372,28.819122,44.836407,46.35031,46.519447,46.117214,46.117214,48.250813,48.756424,48.756596,48.16915,48.16191,44.47354,44.479412,44.469116,43.58621,41.74494,41.968452,43.444855,45.999958,40.350483,42.483974,43.241047,41.400345,45.83423,44.948414,44.317287,40.709846,38.81457,44.48227,42.189217,39.74554,44.94609,42.10693,42.084473,42.03941,42.339565,42.946476,41.72852,40.871284,42.54669,39.804527,40.072987,40.072685,39.76779,38.54053,38.540592,34.87595,33.02124,35.77687,44.54542,42.14865,49.814255,49.9352,47.37044,41.136833,47.218292,45.091682,42.7769,41.92963,0.0,0.0,6.7398562,8.497272,10.501702,10,1
565200,28.603714,35.934673,10.401676,43.063454,6.6781206,8.49676,65.78862,65.78827,65.78792,41.904087,40.88851,42.63996,44.41115,46.04072,46.527824,48.34693,45.3533,45.513447,48.637497,49.49574,50.285408,46.636723,46.324642,32.626236,34.148373,47.86023,39.42009,47.069828,48.444767,48.09426,42.852264,43.654167,38.74165,28.786827,44.787865,46.310375,46.48496,46.083607,46.083607,48.217205,48.726204,48.72636,48.139492,48.13236,44.439537,44.442837,44.437244,43.551636,41.722927,41.943443,43.423687,45.973564,40.351795,42.485146,43.241463,41.413685,45.829918,44.9463,44.31539,40.687325,38.81145,44.488842,42.191723,39.756718,44.965256,42.128757,42.10803,42.068558,42.36928,42.976524,41.758423,40.888535,42.56406,39.82133,40.08616,40.085827,39.78094,38.552353,38.552418,34.88608,33.02544,35.779526,44.547165,42.15445,49.83153,49.957157,47.339222,41.120316,47.190834,45.06044,42.773643,41.92785,0.0,0.0,6.6781206,8.49676,10.401681,10,1
568800,28.685942,35.956207,10.320961,43.09894,6.6783204,8.538102,65.78508,65.78473,65.784386,42.16689,41.158157,42.833908,44.602345,46.296005,46.654285,48.455517,45.467724,45.606792,48.61568,49.519943,50.236687,46.589138,46.274273,32.561237,34.083538,47.796204,39.404804,47.0868,48.466305,48.116074,42.87477,43.67661,38.753265,28.798077,44.78071,46.322388,46.509403,46.11035,46.11035,48.243946,48.76206,48.762184,48.17881,48.17194,44.473305,44.474594,44.472572,43.586216,41.779995,41.99309,43.47481,46.016006,40.43144,42.564472,43.31962,41.50856,45.932594,45.056534,44.42714,40.737934,38.915173,44.60088,42.30302,39.869602,45.079605,42.243572,42.22502,42.193283,42.49481,43.102516,41.884193,40.987988,42.66368,39.91746,40.173122,40.17268,39.867817,38.636032,38.63611,34.965786,33.088425,35.840378,44.616585,42.230522,49.927807,50.05986,47.37223,41.175518,47.230736,45.096886,42.87723,42.038094,0.0,0.0,6.6783204,8.538102,10.320961,10,1
572400,1.6022649,35.48304,10.272298,42.480457,6.748079,8.657741,65.74765,65.7473,65.74693,33.60775,33.296776,37.9486,39.92568,40.215042,43.4119,45.84914,42.363873,43.051487,47.884785,48.076206,49.720074,46.085148,45.813282,32.33794,33.860058,47.573513,39.03651,46.608692,47.993134,47.61328,42.351818,43.144962,38.131172,28.18166,44.04231,45.572258,45.750553,45.358356,45.358356,47.491955,48.048508,48.048607,47.528297,47.521954,43.86794,43.883575,43.853996,42.969162,41.063065,41.245106,42.51425,45.172623,38.80039,40.950382,41.723713,39.41935,45.407272,44.546463,43.917274,39.852215,38.39367,44.206764,41.836124,39.55797,44.91111,42.123184,42.111897,42.087658,42.389954,42.998108,41.779583,40.983627,42.659492,39.917637,40.208538,40.20843,39.90358,38.68161,38.681633,35.02191,33.184223,35.93411,42.354725,39.840893,47.188076,47.15916,46.639217,40.03221,46.43675,44.46878,42.354874,41.53189,0.0,0.0,6.7480836,8.657741,10.272303,10,1
576000,1.5337203,38.80664,10.038829,42.354496,6.3970075,8.615976,65.73999,65.73963,65.73927,33.539154,33.227615,37.877815,39.853725,40.145084,43.329437,45.763832,42.289143,42.98071,47.811523,48.00145,49.61513,45.982,45.694042,32.157726,33.680813,47.394493,39.38556,47.341454,49.931835,48.201817,42.84443,43.598225,38.222294,28.267494,43.959824,45.476547,45.645584,45.25138,45.25138,47.38498,47.93306,47.933144,47.40694,47.400665,43.73818,43.74974,43.728016,42.835728,40.948597,41.128872,42.406517,45.05908,38.705585,40.85471,41.62784,39.327965,45.30318,44.444115,43.81472,39.741486,38.290318,44.115547,41.736343,39.47646,44.84644,42.064167,42.05406,42.031944,42.33446,42.94274,41.724155,40.935287,42.6112,39.869587,40.163044,40.162964,39.858112,38.63674,38.63676,34.977596,33.14157,35.890873,42.282272,39.76874,47.117184,47.08822,46.526623,39.931107,46.32164,44.344128,42.251293,41.431286,0.0,0.0,6.3970075,8.615976,10.038834,10,1
579600,1.4319637,38.65509,9.84452,42.192,6.1176987,8.564821,65.72854,65.72817,65.72781,33.4373,33.125225,37.770473,39.74544,40.041527,43.213207,45.64351,42.176285,42.860695,47.657307,47.859116,49.456352,45.82774,45.530766,31.976229,33.499374,47.21331,39.222073,47.189857,49.78029,48.052143,42.69516,43.44903,38.072056,28.117407,43.805576,45.32175,45.490128,45.095646,45.095646,47.229244,47.77586,47.775936,47.24769,47.241524,43.57386,43.583378,43.565533,42.670254,40.800922,40.978916,42.263134,44.909138,38.575245,40.723225,41.495846,39.201626,45.168427,44.311707,43.682076,39.59579,38.15697,44.00021,41.61011,39.37347,44.76488,41.989807,41.981174,41.96158,42.264355,42.87278,41.654125,40.87454,42.550503,39.809425,40.106186,40.106133,39.80129,38.58069,38.580704,34.92227,33.087982,35.836586,42.15355,39.641914,46.997303,46.968952,46.370056,39.79264,46.16806,44.182575,42.11743,41.301586,0.0,0.0,6.1176987,8.564821,9.844524,10,1
583200,1.445735,38.54863,9.66067,42.09257,5.8827553,8.497407,65.71909,65.71873,65.71837,33.451088,33.137955,37.773865,39.747616,40.051216,43.20383,45.624126,42.16826,42.831146,47.54482,47.77507,49.327873,45.700626,45.395435,31.812576,33.335827,47.05025,39.092804,47.08331,49.673832,47.94931,42.593124,43.347168,37.96828,28.013762,43.69869,45.22165,45.394127,45.00017,45.00017,47.13377,47.68191,47.681973,47.152225,47.1462,43.472206,43.479214,43.466095,42.568237,40.724792,40.900352,42.196957,44.831387,38.535446,40.681355,41.452827,39.170616,45.106285,44.252754,43.62357,39.52525,38.096165,43.945892,41.553654,39.321575,44.71719,41.943516,41.936214,41.921238,42.224495,42.8332,41.61441,40.824432,42.5005,39.757736,40.05166,40.051567,39.746735,38.525196,38.525215,34.86563,33.029415,35.776745,42.10286,39.59587,46.96818,46.941498,46.27596,39.73491,46.082764,44.08429,42.056034,41.24347,0.0,0.0,5.8827553,8.497407,9.660675,10,1
586800,1.3011345,38.39823,9.494444,41.94453,5.7105327,8.486696,65.70854,65.708176,65.7078,33.306362,32.99317,37.628704,39.602436,39.90633,43.058743,45.47894,42.023018,42.68539,47.397892,47.62854,49.180714,45.558517,45.24575,31.652979,33.176235,46.890663,38.938538,46.93291,49.523434,47.799763,42.44404,43.198257,37.820602,27.866022,43.552097,45.075527,45.248325,44.85443,44.85443,46.988033,47.536446,47.536507,47.00704,47.00115,43.323727,43.330185,43.318127,42.419643,40.587143,40.758335,42.052208,44.685272,38.39019,40.536003,41.307465,39.025406,44.994835,44.145653,43.51688,39.381462,37.98602,43.858322,41.45557,39.245914,44.662197,41.895473,41.888973,41.87399,42.177246,42.785954,41.567165,40.79354,42.46961,39.72829,40.02753,40.027496,39.72266,38.502537,38.502544,34.844486,33.011593,35.758926,41.956814,39.449886,46.82244,46.795784,46.130405,39.58927,45.936825,43.937088,41.945274,41.139084,0.0,0.0,5.7105327,8.486696,9.494444,10,1
590400,0.78880763,38.112965,9.334351,41.660465,5.5515614,8.421491,65.69128,65.6909,65.69054,32.79358,32.482124,37.138927,39.115894,39.40022,42.598198,45.035446,41.554146,42.256676,47.131042,47.306114,48.943913,45.326035,45.018074,31.4642,32.98726,46.700603,38.6912,46.647835,49.238167,47.509144,42.15295,42.907276,37.536484,27.581356,43.27669,44.79033,44.957584,44.563183,44.563183,46.69678,47.24445,47.244545,46.720116,46.714294,43.040604,43.04843,43.03402,42.134495,40.27549,40.44067,41.701656,44.35483,37.986374,40.13635,40.91013,38.60537,44.722218,43.878082,43.250366,39.042492,37.712166,43.60641,41.19398,39.00497,44.44029,41.679985,41.6714,41.646065,41.94825,42.556335,41.337837,40.59287,42.26871,39.540226,39.845093,39.8451,39.540253,38.32164,38.32164,34.665607,32.85317,35.603355,41.569508,39.053574,46.393074,46.363415,45.83794,39.217724,45.62444,43.65209,41.67216,40.873055,0.0,0.0,5.551566,8.421491,9.334351,10,1
594000,0.3768607,37.845974,9.1489525,41.341125,5.3301935,8.158214,65.67414,65.67376,65.67338,32.38125,32.070087,36.74488,38.723663,38.988953,42.217453,44.65704,41.1674,41.89699,46.866734,47.009697,48.70584,45.095192,44.78636,31.259283,32.782227,46.494892,38.448788,46.380966,48.971176,47.23847,41.881626,42.635857,37.267513,27.31227,42.998566,44.494114,44.64961,44.253067,44.253067,46.38667,46.926147,46.926266,46.39933,46.393364,42.722057,42.73092,42.71468,41.816475,39.933243,40.10049,41.35196,44.014305,37.62058,39.77293,40.547886,38.235435,44.368027,43.520664,42.89231,38.696144,37.356873,43.249634,40.8364,38.64911,44.086014,41.326252,41.315826,41.28409,41.585613,42.19332,40.975002,40.2378,41.913506,39.19111,39.49722,39.497265,39.192394,37.974934,37.974934,34.321068,32.527004,35.278957,41.23458,38.713306,46.033104,46.001804,45.521965,38.8586,45.294395,43.332302,41.31736,40.51565,0.0,0.0,5.3301935,8.158214,9.148957,10,1
597600,0.36988437,34.855957,9.205331,41.49866,5.2595234,7.916735,63.689583,92.075035,92.075035,32.374264,32.062702,36.824844,38.80502,38.982464,42.300377,44.75563,41.278275,42.178123,47.619083,47.610638,49.687336,46.758698,45.616352,31.59221,33.114212,46.82486,38.36068,45.997208,47.36605,47.021786,41.783558,42.5875,37.70811,27.759684,43.625668,44.95028,44.990616,44.57126,44.57126,46.704853,47.152073,47.152267,46.575882,46.56919,42.874046,42.87683,42.87231,41.96171,40.023815,40.205727,41.464127,44.15075,37.718956,39.879223,40.65917,38.32976,44.3736,43.50779,42.877953,38.805874,37.35524,43.174397,40.796913,38.533356,43.899944,41.11661,41.09882,41.047832,41.347378,41.95393,40.736145,40.002544,41.677822,38.960857,39.26542,39.265423,38.96052,37.741817,37.741817,34.086002,32.27739,35.034653,41.63935,39.09069,46.311245,46.26964,45.77687,38.978645,45.46911,43.49513,41.31753,40.492992,0.0,0.0,5.2595234,7.916735,9.205326,10,1
601200,-0.6075629,34.504616,9.403575,41.012688,5.0991707,7.5712256,63.68303,92.0312,92.0312,31.39581,31.085035,35.930565,37.912003,38.012875,41.545532,44.046463,40.507446,41.490955,47.37678,47.217693,49.562588,46.633095,45.54535,31.697222,33.218437,46.925148,38.20133,45.662334,47.01471,46.66137,41.41361,42.214806,37.347553,27.400902,43.32414,44.57158,44.561966,44.133503,44.133503,46.267094,46.678524,46.67887,46.08789,46.080708,42.388607,42.392517,42.386333,41.459084,39.42248,39.60638,40.823532,43.592678,37.022423,39.20409,39.989273,37.61259,43.76769,42.893177,42.26313,38.179802,36.741344,42.531944,40.16936,37.874012,43.2113,40.418198,40.38892,40.300426,40.596107,41.200417,39.98367,39.288723,40.963173,38.27649,38.58358,38.58367,38.278687,37.06341,37.06341,33.41468,31.670689,34.438297,41.064735,38.490543,45.620052,45.567383,45.31421,38.397476,44.95304,43.008434,40.704487,39.87597,0.0,0.0,5.0991707,7.5712256,9.403575,10,1
604800,0.18490963,29.238842,9.510163,41.26875,4.798798,6.998289,63.738773,92.40479,92.40479,32.18911,31.875406,36.704655,38.68406,38.79471,42.12775,44.579784,41.153732,42.22189,48.047726,47.916782,50.318653,47.701603,46.184982,31.975252,33.495567,47.205387,37.860096,44.859497,44.154167,46.14395,41.09066,41.97132,37.80619,27.868614,43.92281,45.066017,44.983074,44.538834,44.538834,46.67243,47.018024,47.01825,46.38317,46.376034,42.639717,42.6382,42.642323,41.72403,39.78483,39.97779,41.266235,43.95719,37.539005,39.70267,40.486206,38.151257,44.0729,43.19602,42.566826,38.5974,37.046722,42.75496,40.442604,38.04012,43.27864,40.452286,40.427795,40.368935,40.667664,41.27375,40.056183,39.26777,40.94287,38.210434,38.499477,38.499382,38.19446,36.973103,36.973133,33.314545,31.4707,34.230137,41.78462,39.213505,46.35262,46.302647,45.675224,38.79662,45.296886,43.275433,41.009792,40.17753,0.0,0.0,4.798798,6.998289,9.510159,10,1
